# seam	upstream_expression	upstream_file:line	contraction	our_spelling	why
# VERIFIED 2026-08-23 against /Users/andrewhendel/CascadeProjects/upstream/cuml-v26.08.00 (VERSION 26.08.00, commit 265b9da6a0e75dbef071a3168398b993a5ff6f0e). NOT against upstream/cuml, which is branch-25.08 and whose ARIMA line numbers all sit 10 to 11 lines later; every citation here was re-resolved statement by statement after that trap was reported.
# FMA CONTRACTION IS PER SEAM. nvcc contracts a multiply into the add that CONSUMES it. A multiply whose result feeds another MULTIPLY does not fuse; it rounds. Every row below is read off the C++ expression tree, not assumed from the shape of the line. FUSED means one rounding for the product-and-add together; UNFUSED means the product rounds first and the add rounds second.
Mv_l inner	sum += A[i + j*n] * v[j]	batched_kalman.cu:39	FUSED	identical_mul_add(a[i + j*n], v[j], acc), j ascending	the product feeds the += directly, nothing between them
Mv_l scale	out[i] = alpha * sum	batched_kalman.cu:52	N/A (no add)	ftz(alpha * acc)	a bare multiply; and at alpha = 1 it is exact for every IEEE-754 value, which is why their two overloads collapse to one here
MM_l inner	sum += Aik * Bkj	batched_kalman.cu:66	FUSED	identical_mul_add(a[i + k*n], bkj, acc), k ascending	the product feeds the += directly
F = Z P Z'	_Fs += l_P[j*rd+i] * l_Z[i] * l_Z[j]	batched_kalman.cu:203	SPLIT: unfused then fused	t0 = ftz(l_P[j*rd+i] * l_Z[i]); _Fs = identical_mul_add(t0, l_Z[j], _Fs)	THREE operands, TWO multiplies. C++ associates left to right, so (P * Z[i]) is a multiply feeding a MULTIPLY and cannot fuse: it rounds. Only the outer product feeds the +=. One rounded product, one fused accumulate
likelihood s2	b_ll_s2 += vs_it * vs_it / _Fs	batched_kalman.cu:210	UNFUSED	v2 = ftz(vs_it * vs_it); b_ll_s2 = ftz(b_ll_s2 + ftz(v2 / _Fs))	the multiply feeds a DIVIDE, not the add, so it rounds; the divide's result is what the += consumes and a divide never fuses
likelihood logF	b_sum_logFs += log(_Fs)	batched_kalman.cu:209	N/A	ftz(b_sum_logFs + ftz(identical_log(_Fs)))	no multiply. identical_log is IDENTITY_PATHS row 12's pinned log
Kalman gain	l_K[i] = _1_Fs * l_TP[i]	batched_kalman.cu:224	N/A (no add)	ftz(_1_Fs * l_TP[i])	a bare multiply, after the reciprocal 1.0 / _Fs
alpha update	l_alpha[i] = l_tmp[i] + K[i] * vs_it	batched_kalman.cu:236	FUSED	identical_mul_add(l_K[i], vs_it, l_v[i])	the product feeds the + directly
alpha intercept	l_alpha[n_diff] += mu	batched_kalman.cu:239	N/A	ftz(l_alpha[n_diff] + mu)	unconditional in theirs (mu is 0 without an intercept), so a -0.0 state becomes +0.0 on both sides. Kept unconditional
L = T - K Z	l_tmp[j*rd+i] -= l_K[i] * l_Z[j]	batched_kalman.cu:255	FUSED	identical_mul_add(-l_K[i], l_Z[j], l_tmp[j*rd+i])	the product feeds the -= directly; the negation is exact
P += RQR	l_P[i] += l_RQR[i]	batched_kalman.cu:266	N/A	ftz(l_P[i] + l_RQR[i])	no multiply
symmetrize	0.5 * (A[j*n+i] + A[i*n+j])	batched_kalman.cu:81	UNFUSED	s = ftz(a[j*n+i] + a[i*n+j]); ftz(0.5 * s)	the add comes FIRST and feeds the multiply; there is no add to fuse into. One local per op
log-likelihood	-.5 * (b_sum_logFs + n_obs_ll_f * (b_ll_s2 + log(2*M_PI)))	batched_kalman.cu:277	FUSED (inner), UNFUSED (outer)	inner = ftz(b_ll_s2 + LOG_2PI); tot = identical_mul_add(n_obs_ll_f, inner, b_sum_logFs); ftz(-0.5 * tot)	n_obs_ll_f * inner feeds the + b_sum_logFs, so it fuses; the -0.5 multiply has no add after it. log(2*M_PI) is compile-time folded in theirs and is the constant LOG_2PI here, so no transcendental is evaluated
RQ	d_RQ[i] = d_R[i] * sigma2	batched_kalman.cu:986	N/A	ftz(ftz(d_R[i]) * sigma2)	bare multiply
RQR	b_gemm(false, true, rd, rd, 1, 1.0, RQb, Rb, 0.0, RQR)	batched_kalman.cu:991	N/A	ftz(ftz(d_RQ[i]) * rj)	k = 1, so there is no fold: one product per cell. beta = 0 means C is not read
I - T (x) T	AkB[i_ab + j_ab*k_m] = A_ia_ja * B[ib + jb*p], then b_I_m_AxA[(r2+1)*i] += 1.0	matrix.cuh:521 then :1873	UNFUSED, and separated by a store in theirs	v = ftz(a_ia_ja * b_val); if i_ab == j_ab: v = ftz(v + 1.0)	alpha = -1 makes A_ia_ja exact. Their +1.0 is a SECOND kernel-pass over the diagonal, so the product is stored and reloaded between; fusing here would change the arithmetic, so the two roundings are kept and only the pass is merged
LU trailing update	getrf's a = a - l*u	cuBLAS, closed	FUSED by choice	identical_mul_add(-l, u, cur)	DEVIATION 674: their association is not readable, so this one is CHOSEN and written down rather than inherited. Sabotage (e) perturbs the pivot tie rule for the same reason
LU substitutions	getri's forward and backward solves	cuBLAS, closed	FUSED by choice	identical_mul_add(-l, yk, acc) and identical_mul_add(-u, xk, acc), serial ascending	DEVIATION 674, same reason
Lyapunov solve	b_gemm(false, false, r2, 1, r2, 1.0, I_m_AxA_inv, Q, 0.0, X)	matrix.cuh:1881	FUSED by choice	identical_mul_add(av, xv, acc), k ascending, into a LOCAL first	DEVIATION 674. Written into a local and only then to P, because an in-place matvec would let row i+1 read row i's RESULT where their b_gemm writes a distinct buffer
Jones accumulate	tmp[k] += sign * (a * myNewParams[j-k-1])	jones_transform.cuh:47	SPLIT: unfused then fused	prod = ftz(a * mine[j-k-1]); identical_mul_add(sign, prod, tmp[k])	THE ONE THIS LANE GOT WRONG AND FIXED. The multiply that feeds the += is `sign * (...)`, so `a * x` feeds a MULTIPLY and rounds first. TWO roundings. It had been spelled fma(sign*a, x, tmp), ONE rounding, in the kernel and the host replay, forward and inverse. sign is +-1 so the fused half is an exact-signed add, but the rounded product is the bit that moved
Jones denominator	(1 - (a*a))	jones_transform.cuh:79	FUSED	identical_mul_add(-a, a, Float32(1.0))	the multiply feeds the subtract directly. Loop-invariant in the k loop in theirs too, so hoisting it changes nothing
Jones numerator	(myNewParams[k] + sign * (a * myNewParams[j-k-1]))	jones_transform.cuh:79	SPLIT: unfused then fused	prod = ftz(a * mine[j-k-1]); num = identical_mul_add(sign, prod, mine[k])	same tree as the accumulate row above, same correction
Jones tanh / atanh	raft::tanh(tmp[i] * 0.5), 2 * raft::atanh(v)	jones_transform.cuh:39, :88	N/A	DEVIATION 675: (e^x - 1)/(e^x + 1) through identical_exp, log((1+v)/(1-v)) through identical_log	IDENTITY_PATHS row 12: the vendor's tanhf / atanhf last bit is a vendor choice and numerics.mojo carries no tanh. OWED: the identity loses precision for small |x| (e^x - 1 cancels). The gate has run and REPORTS the round trip at worst relative 2.73e-6, about 23 Float32 ulp; what has NOT been measured is the END-TO-END cost, because kalman_host_f64 is fed the same Float32 transformed parameters the device uses, so the Float64 reference starts downstream of the transform. That measurement is arima/README.md's OWED item 5 and carries a decision rule fixed in advance
reduced_polynomial	isAr ? -coef0 * coef1 : coef0 * coef1	arima_helpers.cuh:191	N/A (no add)	prod = ftz(coef0*coef1); -prod if is_ar	unary minus binds tighter than * in C++, so theirs is (-coef0)*coef1; IEEE sign is separate from magnitude, so negate-after is bit-identical including on zeros and NaN
undifference (two)	fc_acc = -sel(i-s0-s1); fc_acc += sel(i-s0); fc_acc += sel(i-s1); b_fc[i] += fc_acc	arima_helpers.cuh:154-157	N/A	acc = ftz(-x0 + x1); acc = ftz(acc + x2); ftz(cur + acc)	four adds, no multiply, strictly left to right
in-sample undifference (two)	d_y[i-p1] + d_y[i-p2] - d_y[i-p1-p2] + d_pred[..]	batched_arima.cu:224-226	N/A	t0 = ftz(a+b); t1 = ftz(t0-c); ftz(t1+pr)	four adds, C++ left to right
sigma2 floor	max(input, min_sigma2)	arima_helpers.cuh:376	N/A	max(ftz(sigma2), MIN_SIGMA2)	value-first already in theirs; nothing to reorder
gradient	(d_ll_pert[bid] - d_ll_base[bid]) / h	batched_arima.cu:581	N/A	ftz(ftz(diff) / h)	a subtract then a divide; a divide never fuses. AMENDED 2026-09-01 (DEVIATION 687): `fit` passes h = 2^-10, and a divide by a power of two is EXACT in IEEE-754 for every finite non-overflowing operand, so on the fit path this seam carries ONE rounding (the subtract) and not two. That is part of why the step is a power of two and not 1e-3. The gate still passes 1e-3, which is NOT representable and does round; the two callers therefore differ by one rounding per gradient cell and that is deliberate
test_invparams numerator	tmp[k] = (new_params[k] + coef * a * new_params[j-k-1]) / (1 - (a*a))	batched_arima.cu:645	FUSED (one rounding)	coef_a = a if is_ar else ftz(-a); num = ftz(identical_mul_add(coef_a, mine[j-k-1], mine[k])); tmp[k] = ftz(num / den)	THE ONE THIS LANE WOULD HAVE GOT WRONG BY COPYING ITS OWN CODE. C++ parses `coef * a * x` LEFT TO RIGHT as `(coef*a) * x`, and `coef` is a `constexpr double` +-1, so `coef*a` folds to an EXACT sign flip and the surviving multiply is the one that feeds the add: it fuses. ONE rounding. `invtransform` (jones_transform.cuh:79) is the same mathematics with the OTHER association, `sign * (a * x)`, where `a * x` feeds a MULTIPLY, rounds first, and only the outer product fuses: TWO roundings. Pasting the already-ported invtransform loop in here reintroduces the exact defect the 2026-08-23 audit found and fixed in four places. check_invparams_contraction_is_visible asserts the two differ on this fixture; SABOTAGES.md arm (j) restores the wrong one and must fail
test_invparams denominator	(1 - (a * a))	batched_arima.cu:645	FUSED	identical_mul_add(-a, a, Float32(1.0)), hoisted out of the k loop	the multiply feeds the subtract directly, so it contracts. Same as invtransform's denominator and this one IS safe to share a spelling with; loop-invariant in the k loop in theirs too
test_invparams verdict	result = result && !(new_params[i] <= -1 || new_params[i] >= 1)	batched_arima.cu:653	N/A	result = result and not (v <= Float32(-1.0) or v >= Float32(1.0))	a BOOLEAN out of a float comparison, so a one-ulp difference is invisible unless a value lands within an ulp of +-1. That is why the verdict is a recorded DECISION stage (`fit.x0.*.invparams`, one byte per series) and not something to infer from the floats: a series whose AR block was ZEROED here and one estimated at zero look identical in fit.x0.ar
AR pre-fit residual	b_gemm(false, false, ls_height, 1, p_ar, -1.0, bm_ls, bm_ar_fit, 1.0, bm_residual)	batched_arima.cu:728	FUSED by choice	acc = ftz(resid[i]); acc = ftz(identical_mul_add(-av, xv, acc)), c ascending	DEVIATION 674's rule applied to a third gemm shape: cublasgemmStridedBatched is CLOSED, so the association is CHOSEN and written down. alpha = -1 is applied to the MATRIX operand where it is exact (IEEE sign is separate from magnitude), and beta = 1 becomes the initial accumulator, so the k-fold runs straight into C. A real cuBLAS would more likely sum the product first and add beta*C at the end, which is a different association; we cannot read which, so we pick one and gate it
final residual	b_gemm(false, false, n_obs - r, 1, p + q + k, -1.0, bm_ls_ar_res, bm_arma_fit, 1.0, bm_final_residual)	batched_arima.cu:798-807	FUSED by choice	same spelling as the row above, over ncols	DEVIATION 674, same reason. Feeds sigma2 only
sigma2 accumulate	acc += res * res	batched_arima.cu:816	FUSED	acc2 = ftz(identical_mul_add(res, res, acc2)), i ascending from q	the product feeds the += directly. The sum starts at i = q, not at 0, which is theirs and is not a typo: the first q residuals are contaminated by the MA lags being zero-padded
sigma2 divide	d_sigma2[bid] = acc / static_cast<double>(n_obs - r - q)	batched_arima.cu:818	N/A	ftz(acc2 / Float32(m1 - q))	a divide; never fuses. Their divisor is a double conversion of an int, ours a Float32 conversion, which is exact for any count below 2^24
QR column norm	cublasgelsBatched, closed	matrix.cuh:657	FUSED by choice	sigma = ftz(identical_mul_add(v, v, sigma)), i ascending; normx = ftz(identical_sqrt(sigma))	DEVIATION 678: there is no upstream arithmetic to read, so every association here is CHOSEN and written down, exactly as DEVIATION 674's LU was. identical_sqrt is row 10's pinned sqrt
QR reflector sign	cublasgelsBatched, closed	matrix.cuh:657	N/A	s = -1 if a_jj >= 0 else +1; r_jj = ftz(s*normx); u1 = ftz(a_jj - r_jj); tau = ftz(ftz(ftz(-s)*u1)/normx)	DEVIATION 678, and this is the choice that matters. `s = -sign(a_jj)` makes `a_jj` and `-s*normx` the SAME sign, so `u1` is a sum of like-signed terms and `|u1| >= normx`; the other sign subtracts near-equal numbers whenever the column is already nearly axis-aligned, which is classical cancellation. SABOTAGES.md arm (l) flips it and the residual on a unit-root lag matrix must blow up. `a_jj == +-0.0` takes s = -1 by the `>= 0` test, so both zeros go the same way
QR reflector application	cublasgelsBatched, closed	matrix.cuh:657	FUSED by choice	acc = a[j,c]; acc = ftz(identical_mul_add(w, x, acc)) i ascending; then a[i,c] = ftz(identical_mul_add(-td, w, cur))	DEVIATION 678. The `w_j = 1` entry is folded in as the initial accumulator rather than multiplied, which is exact and is what LAPACK's packed layout implies
QR back substitution	cublasgelsBatched, closed	matrix.cuh:657	FUSED by choice	acc = ftz(identical_mul_add(-u, xc, acc)), c ascending; x[i] = ftz(acc / rdiag[i])	DEVIATION 678, spelled like DEVIATION 674's two substitutions so the two solvers in this lane read the same way
objective scale	-self._loglike(x, True, ...) / (self.n_obs - 1)	arima.pyx:909-911	N/A	ftz(ftz(-ll[b]) / Float32(n_obs - 1))	negate then divide, left to right as theirs. The negation is exact. `n_obs` is the ORIGINAL length, not the differenced one, which is easy to get wrong because the loglike itself runs on the differenced series. Theirs is float64 throughout; ours is Float32 (DEVIATION 670)
Armijo test (HOST)	if (fx > fx_init + step * dg_test)	qn_linesearch.cuh:62	FUSED	not (fx > identical_mul_add(step, dg_test, fx_init))	DEVIATION 679. A multiply-add on the HOST, where a C++ compiler's -ffp-contract default and Mojo's host codegen can disagree, and it DECIDES WHETHER A STEP IS TAKEN. Pinned to fma under IDENTICAL, which is glm/impl/glm/qn/qn_linesearch.mojo's spelling and is asserted equal to it by check_lbfgs_rules_match_glm
candidate step	x = step * drt + xp (SimpleVec axpy)	dense.hpp:171-181	FUSED	ftz(identical_mul_add(step[b], drt[b*N+i], xp[b*N+i]))	DEVIATION 679, row 9's contraction. On the HOST here where glm's is a device kernel; the arithmetic is the same one rounding
L-BFGS history update	S[end] = x - xp; Y[end] = grad - gradp (axpy with a = -1)	qn_solvers.cuh:216-219	FUSED	ftz(identical_mul_add(Float32(-1.0), xp[i], x[i]))	DEVIATION 679. a = -1 makes the product exact, so the fma is a correctly rounded subtraction and is bit-identical to `x - xp`; spelled as the fma anyway because glm's axpy is, and a reader comparing the two files should see the same statement
