# our_file	catboost_file	status	notes
# STATUS VOCABULARY, added 2026-08-31. The tree had no definition of these words anywhere,
# which is how this column drifted; every status added by that pass carries its evidence in
# the notes.
#   transliterated  control flow, loop structure and arithmetic follow the upstream statement by
#                   statement. A reader could diff the two mentally. Syntax differs, program does not.
#   reimplemented   same algorithm and same observable semantics, materially different program: a
#                   different parallel decomposition, the host/device split moved, a reduction
#                   re-ordered or pinned, or an upstream cub/thrust/cuBLAS/raft call replaced by our
#                   own code.
#   partial         only some of the upstream file is present; the notes say what is missing.
#   no-upstream     nothing upstream corresponds to this file.
# THE ROWS ABOVE THE 2026-08-31 MARKER PREDATE THIS VOCABULARY and still use a wider set --
#   `replaced`, `partial+replaced`, `original`, `tool`, `NOT PORTED`. They were NOT rewritten by
#   that pass, because collapsing `partial+replaced` into one of the four would lose which half
#   is which. Read `replaced` as `reimplemented` and `original` as `no-upstream`.
#
# CATBOOST IS NOT ON DISK. This tree carries no CatBoost checkout, so no row in this file was
#   verified against upstream text on 2026-08-31; the pin is 54a8143a, which is the commit every
#   gbdt/*.mojo header names. Rows added that day were read out of each file's own module
#   docstring and deviation block, and every one of them says `status unverified, CatBoost not on
#   disk` in the notes unless the file itself declares it has NO CATBOOST COUNTERPART, which is a
#   claim the file can make on its own authority and an absent upstream cannot contradict.
#
# 2026-08-31: 76 of gbdt's 149 .mojo files appeared in no row of this map. They are appended
#   below the marker.
#   unverified -- NOBODY HAS COMPARED THIS FILE TO ANYTHING. The CatBoost
#                 source is not on this machine and never has been in this
#                 session's reach, so every status in this map that was
#                 inherited as `transliterated` was an assertion rather than a
#                 finding. Relabelled 2026-08-31. What each file records about
#                 itself, in its own docstring and deviation block, still
#                 stands; what does not stand is a claim about how CLOSELY it
#                 follows an upstream nobody read. To settle one of these,
#                 fetch CatBoost at 54a8143a and diff.
gbdt/gpu_data/grid_policy.mojo	catboost/cuda/gpu_data/grid_policy.h	unverified	1/4/8 bits per feature || UNVERIFIED: CatBoost is not on this machine; this status was inherited, not measured
gbdt/gpu_data/kernel/binarize.mojo	catboost/cuda/gpu_data/kernel/binarize.cu	unverified	WriteCompressedIndexImpl only || UNVERIFIED: CatBoost is not on this machine; this status was inherited, not measured
gbdt/gpu_util/gpu_data/partitions.mojo	catboost/cuda/cuda_util/gpu_data/partitions.h	unverified	TDataPartition || UNVERIFIED: CatBoost is not on this machine; this status was inherited, not measured
gbdt/gpu_util/partitions_reduce.mojo	catboost/cuda/cuda_util/partitions_reduce.h	replaced	theirs is a CUB segmented reduce
gbdt/gpu_util/copy.mojo	catboost/cuda/cuda_util/	replaced	Mojo has no device-to-device enqueue_copy
gbdt/methods/greedy_subsets_searcher/kernel/point_hist_half_byte_template.mojo	catboost/cuda/methods/greedy_subsets_searcher/kernel/point_hist_half_byte_template.cuh	unverified	accumulator split into slot arithmetic, see PORTING.md 10 || UNVERIFIED: CatBoost is not on this machine; this status was inherited, not measured
gbdt/methods/greedy_subsets_searcher/kernel/hist_binary.mojo	catboost/cuda/methods/greedy_subsets_searcher/kernel/hist_binary.cu	unverified	direct AND gather variants || UNVERIFIED: CatBoost is not on this machine; this status was inherited, not measured
gbdt/methods/greedy_subsets_searcher/kernel/hist_half_byte.mojo	catboost/cuda/methods/greedy_subsets_searcher/kernel/hist_half_byte.cu	unverified	direct AND gather variants; derived from hist_binary, see PORTING.md 13 || UNVERIFIED: CatBoost is not on this machine; this status was inherited, not measured
gbdt/methods/greedy_subsets_searcher/kernel/hist_one_byte.mojo	catboost/cuda/methods/greedy_subsets_searcher/kernel/hist_one_byte.cu	unverified	direct AND gather variants; inner-bits pass loop, 5 to 8 bits || UNVERIFIED: CatBoost is not on this machine; this status was inherited, not measured
gbdt/methods/greedy_subsets_searcher/kernel/hist_2_one_byte_base.mojo	catboost/cuda/methods/greedy_subsets_searcher/kernel/hist_2_one_byte_base.cuh	unverified	TPointHist2OneByteBase + ComputeHist2OneByteBits launch; two-stat loop from compute_hist_loop_two_stats.cuh inlined (PORTING.md 10/13) || UNVERIFIED: CatBoost is not on this machine; this status was inherited, not measured
gbdt/methods/greedy_subsets_searcher/kernel/hist_2_one_byte_5bit.mojo	catboost/cuda/methods/greedy_subsets_searcher/kernel/hist_2_one_byte_5bit.cu	unverified	TPointHist2OneByte<5>; tiled_partition<8> widened to syncwarp || UNVERIFIED: CatBoost is not on this machine; this status was inherited, not measured
gbdt/methods/greedy_subsets_searcher/kernel/hist_2_one_byte_6bit.mojo	catboost/cuda/methods/greedy_subsets_searcher/kernel/hist_2_one_byte_6bit.cu	unverified	TPointHist2OneByte<6>; tiled_partition<16> widened to syncwarp || UNVERIFIED: CatBoost is not on this machine; this status was inherited, not measured
gbdt/methods/greedy_subsets_searcher/kernel/hist_2_one_byte_7bit.mojo	catboost/cuda/methods/greedy_subsets_searcher/kernel/hist_2_one_byte_7bit.cu	unverified	TPointHist2OneByte<7>; their sync is already the full warp || UNVERIFIED: CatBoost is not on this machine; this status was inherited, not measured
gbdt/methods/greedy_subsets_searcher/kernel/histogram_utils.mojo	catboost/cuda/methods/greedy_subsets_searcher/kernel/histogram_utils.cu	partial	scan, subtract, zero, copy, WriteReducesHistograms. fixed_to_float has no counterpart
gbdt/methods/greedy_subsets_searcher/kernel/compute_scores.mojo	catboost/cuda/methods/greedy_subsets_searcher/kernel/compute_scores.cu	partial	L2 calcer only; no multiclass, feature weights or variance
gbdt/methods/greedy_subsets_searcher/kernel/split_points.mojo	catboost/cuda/methods/greedy_subsets_searcher/kernel/split_points.cu	partial+replaced	flags, gathers, partition update ported; the per-leaf CUB sort is replaced by a segmented stable partition
gbdt/methods/greedy_subsets_searcher/split_properties_helper.mojo	catboost/cuda/methods/greedy_subsets_searcher/split_properties_helper.cpp	partial	BuildNecessaryHistograms classification only
gbdt/methods/greedy_subsets_searcher/structure_searcher_template.mojo	catboost/cuda/methods/greedy_subsets_searcher/structure_searcher_template.h	partial	the schedule and its launch invariant
gbdt/methods/greedy_subsets_searcher/greedy_search_helper.mojo	catboost/cuda/methods/greedy_subsets_searcher/greedy_search_helper.cpp	partial	ComputeOptimalSplits + SplitLeaves as one function
gbdt/methods/leaves_estimation/leaves_estimation.mojo	catboost/cuda/methods/leaves_estimation/	partial	pointwise Newton step only; no descent loop, ordered, exact or backtracking
gbdt/gpu_data/gpu_structures.mojo	catboost/cuda/gpu_data/gpu_structures.h	unverified	TCFeature; Offset narrowed ui64 to UInt32 || UNVERIFIED: CatBoost is not on this machine; this status was inherited, not measured
gbdt/gpu_data/compressed_index_builder.mojo	catboost/cuda/gpu_data/compressed_index_builder.h	partial	layout decision only; single-device, no docParallel striping
gbdt/gpu_data/feature_blocks.mojo	catboost/cuda/methods/greedy_subsets_searcher/split_properties_helper.cpp	partial	TFeatureInBlock assembly, one block per policy present
gbdt/options/catboost_options.mojo	catboost/private/libs/options/catboost_options.{h,cpp}	partial	their option names and defaults, plus GetEstimationMethodDefaults and SetLeavesEstimationDefault (:30-360); two departures (random_strength 0.0, plus determinism which has no counterpart)
gbdt/gpu_lib/fwd.mojo	catboost/cuda/cuda_lib/fwd.h	unverified	EPtrType; dir renamed cuda_lib -> gpu_lib, classes keep CatBoost names || UNVERIFIED: CatBoost is not on this machine; this status was inherited, not measured
gbdt/gpu_lib/gpu_base.mojo	catboost/cuda/cuda_lib/cuda_base.h	partial	streams only; Metal has ONE, ctx.stream() raises not-implemented
gbdt/gpu_lib/slice.mojo	catboost/cuda/cuda_lib/slice.h	unverified	TSlice || UNVERIFIED: CatBoost is not on this machine; this status was inherited, not measured
gbdt/gpu_lib/device_id.mojo	catboost/cuda/cuda_lib/device_id.h	unverified	host_id always -1 || UNVERIFIED: CatBoost is not on this machine; this status was inherited, not measured
gbdt/gpu_lib/task.mojo	catboost/cuda/cuda_lib/task.h	partial+replaced	ECommandType all 10; ICommand -> tagged union, Mojo has no trait objects
gbdt/gpu_lib/tasks_queue/single_host_task_queue.mojo	catboost/cuda/cuda_lib/tasks_queue/single_host_task_queue.h	replaced	no thread; enqueue_function is already an async submit
gbdt/gpu_lib/gpu_single_worker.mojo	catboost/cuda/cuda_lib/gpu_single_worker.cpp	partial	the ECommandType dispatch switch; sync_count/launch_count/sync_budget
gbdt/gpu_lib/gpu_manager.mojo	catboost/cuda/cuda_lib/cuda_manager.h	partial	single device; owns the ONLY drain
gbdt/targets/kernel/pointwise_targets.mojo	catboost/cuda/targets/kernel/pointwise_targets.cu	partial	MseImpl only; der/der2 written into the two stats planes, functionValue reduced on the host
gbdt/methods/kernel_add_model_value.mojo	catboost/cuda/methods/doc_parallel_boosting.h	partial+replaced	AppendModels device side; leaf read off the partition, not by evaluating the tree
gbdt/methods/doc_parallel_boosting.mojo	catboost/cuda/methods/doc_parallel_boosting.h	partial	the Fit loop; one permutation, no test cursor, no early stopping, no snapshots
gbdt/methods/greedy_subsets_searcher/points_subsets.mojo	catboost/cuda/methods/greedy_subsets_searcher/split_properties_helper.h	partial	TPointsSubsets, TLeaf, TBestSplitProperties; PartitionsCpu not pinned, see NOT_PORTED.md
gbdt/models/oblivious_model.mojo	catboost/cuda/models/oblivious_model.h	partial	TObliviousTreeStructure, TObliviousTreeModel, TAdditiveModel; no SplitType
gbdt/models/kernel/add_bin_values.mojo	catboost/cuda/models/kernel/add_model_value.cu	partial	ComputeBins fused with the add; ordered predicate only
gbdt/models/model_text.mojo	catboost/libs/model/	replaced	save/load. Theirs is flatbuffers (model.fbs) plus six exporters; ours is plain text with IEEE-754 bits per float. PORTING.md deviation 49
gbdt/grid_creator/binarization.mojo	library/cpp/grid_creator/binarization.cpp	partial	GreedyLogSum only, their default; host-side as theirs is; priority queue replaced by a scanned List
gbdt/gpu_util/kernel/reorder_one_bit.mojo	catboost/cuda/cuda_util/kernel/reorder_one_bit_impl.cuh	unverified	ReorderOneBitImpl + SortWithoutCub; the scan is CUB in theirs and is written out here, see VENDOR_LIBS.md 3b || UNVERIFIED: CatBoost is not on this machine; this status was inherited, not measured
gbdt/gpu_util/kernel/segmented_scan.mojo	catboost/cuda/cuda_util/kernel/segmented_scan.cu	unverified	SegmentedScanVector + SegmentedScanAndScatterNonNegativeVector (scan.cu:47); their operators and output iterators are segmented_scan_helpers.cuh; the CUSTOM-OP block scan is CUB in theirs and is written out here, PORTING.md 49 || UNVERIFIED: CatBoost is not on this machine; this status was inherited, not measured
gbdt/gpu_util/kernel/radix_sort.mojo	catboost/cuda/cuda_util/kernel/reorder_one_bit.cu	unverified	ReorderBins (sort.cpp:544) is cub::DeviceRadixSort::SortPairs in theirs; here it is their own ReorderOneBit<ui32,ui32> looped LSD over the bit range, PORTING.md 50 || UNVERIFIED: CatBoost is not on this machine; this status was inherited, not measured
gbdt/gpu_util/kernel/fill.mojo	catboost/cuda/cuda_util/kernel/fill.cu	partial	STATUS AND NOTES ADDED 2026-08-31 (audit): this row existed with TWO FIELDS, no status and no notes, since it was written. MakeSequence (fill.cu:37-55) only -- how CatBoost materialises an identity or offset index ON THE DEVICE, which the boosting loop needs every iteration because tree growth permutes the row index in place. This port used to UPLOAD a host-built identity array for that, 3.2 MB of H2D per tree at 800k rows, which is not their design: theirs never leaves the device. Their blockSize 512 (fill.cu:51) is transcribed; their MaxBlockCount() grid cap becomes a large constant, which is equivalent because the kernel grid-strides (:40-43). The other fills in the same file have no caller here. status unverified, CatBoost not on disk
gbdt/ctrs/ctr.mojo	catboost/cuda/ctrs/ctr.h	unverified	plus ctr_description/ctr_type.{h,cpp} and ctr_config.h; GetDefaultPriors lives in cat_feature_options.cpp and is here because it is what mints the configs || UNVERIFIED: CatBoost is not on this machine; this status was inherited, not measured
gbdt/ctrs/ctr_bins_builder.mojo	catboost/cuda/ctrs/ctr_bins_builder.h	partial	learn-only, no test slice, no compressed-bin decompression; TCtrBinBuilderGpu is the port (device GatherWithMask + ReorderBins + ComputeCurrentBins + UpdateBordersMask), TCtrBinBuilder beside it is the HOST reference the freq calcer still runs on, PORTING.md 52; both take a CTR estimation order rather than a row count, PORTING.md 55
gbdt/ctrs/ctr_calcers.mojo	catboost/cuda/ctrs/ctr_calcers.h	partial	THistoryBasedCtrCalcerGpu is the port (both segmented scans on the device); THistoryBasedCtrCalcer beside it is the HOST reference and TWeightedBinFreqCalcer is still host side, PORTING.md 52; VisitFloatFeatureMeanCtrs and the groupwise fix unported; compute_simple_ctrs / compute_simple_ctrs_gpu mirror gpu_data/batch_binarized_ctr_calcer.cpp (their two writeCtrs calls, identity order and permutation order) and belong under gbdt/gpu_data/ when the lanes rejoin
gbdt/ctrs/kernel/ctr_calcers.mojo	catboost/cuda/ctrs/kernel/ctr_calcers.cu	unverified	all ten elementwise kernels; the four groupwise ones (ApplyGroupwiseCtrFix, MakeGroupStarts, FillBinIndices, CreateFixedIndices) are unported because no groupwise loss is || UNVERIFIED: CatBoost is not on this machine; this status was inherited, not measured
gbdt/ctrs/index_wrapper.mojo	catboost/cuda/cuda_util/kernel/index_wrapper.cuh	unverified	belongs at gbdt/gpu_util/kernel/index_wrapper.mojo; here because that directory is another lane's this round || UNVERIFIED: CatBoost is not on this machine; this status was inherited, not measured
gbdt/ctrs/ctr_binarization.mojo	library/cpp/grid_creator/binarization.cpp	partial	TUniformBinarizer only, plus ComputeBorders (gpu_binarization_helpers.cpp) and BuildBinarizedTarget (gpu_data/dataset_helpers.cpp); uniform_borders belongs in grid_creator/binarization.mojo when the lanes rejoin
gbdt/data/permutation.mojo	catboost/cuda/data/permutation.h	unverified	plus data_utils.h Shuffle, libs/helpers/cpu_random.h TRandom and util/random/mersenne64.{h,cpp}; FillGroupOrder and GenerateQueryDocsOrder unported because no groupwise loss is; gated bit for bit by check-permutation against their own generator || UNVERIFIED: CatBoost is not on this machine; this status was inherited, not measured
gbdt/gpu_util/kernel/transform.mojo	catboost/cuda/cuda_util/kernel/transform.cu	partial	GatherWithMask and ScatterWithMask only (:214-276); the unmasked Gather/Scatter, Reverse and the arithmetic transforms in the same file have no caller here
gbdt/gpu_util/kernel/scan.mojo	catboost/cuda/cuda_util/kernel/scan.cu	partial	ScanVector<ui32> only (:10-19), the non-segmented arm of cuda_util/scan.h TScanVectorKernel; cub::DeviceScan becomes the same three-phase decoupling reorder_one_bit.mojo already writes out
gbdt/digest/city.mojo	util/digest/city.cpp	partial	CityHash64 unseeded only, the entry CalcCatFeatureHash uses; their CityHash 1.0 whose results DIFFER from mainline CityHash, so public vectors are the wrong oracle; gated cell for cell by check-cityhash against their own city.cpp compiled by tools/cityhash_oracle/
gbdt/cat_feature/cat_feature.mojo	catboost/libs/cat_feature/cat_feature.cpp	partial	CalcCatFeatureHash only; the float bit-punning pair unported (their pool storage decision, not adopted here)
gbdt/models/hash.mojo	catboost/libs/model/hash.h	unverified	CalcHash and the (ui64)(int) sign-extension of ctr_provider.h:107 as cat_hash_chain_element; check-cityhash chain rows caught a Mojo cast chain ZERO-extending on first run || UNVERIFIED: CatBoost is not on this machine; this status was inherited, not measured
gbdt/options/loss_description.mojo	catboost/private/libs/options/loss_description.{h,cpp}	unverified	loss function + its four parameter accessors || UNVERIFIED: CatBoost is not on this machine; this status was inherited, not measured
gbdt/methods/kernel/exact_estimation.mojo	catboost/cuda/methods/kernel/exact_estimation.cu	unverified	4 kernels; deviations 66 (barrier) and 67 (bounds) || UNVERIFIED: CatBoost is not on this machine; this status was inherited, not measured
gbdt/methods/leaves_estimation/leaves_estimation_helper.mojo	catboost/cuda/methods/leaves_estimation/leaves_estimation_helper.h:64-185	partial	ComputeWeightedQuantile + ComputeExactApprox only; pairwise/groupwise unported
gbdt/gpu_util/kernel/segmented_sort.mojo	catboost/cuda/cuda_util/kernel/segmented_sort.cu	replaced	deviation 65: theirs is cub::DeviceSegmentedRadixSort; ours is their ReorderOneBit with a segment axis
gbdt/estimator.mojo	(none)	original	caller-facing surface, like cluster/estimator.mojo
gbdt/targets/kernel/multilogit.mojo	catboost/cuda/targets/kernel/multilogit.cu	partial	MultiLogit val/first-der and second-der-row only; RMSEWithUncertainty, MultiCrossEntropy, MultiRMSE, MultiClassOneVsAll, BuildConfusionMatrixBins unported
gbdt/lapack/linear_system.mojo	catboost/private/libs/lapack/linear_system.{h,cpp}	replaced	deviation 74: theirs is LAPACK dposv_ through clapack; SolveLinearSystem (packed) unported
gbdt/targets/multiclass_targets.mojo	catboost/cuda/targets/multiclass_targets.{h,cpp}	NOT PORTED	the search-side StochasticDer wiring; kernels and oracle arm are done
gbdt/targets/kernel/multilogit.mojo	catboost/cuda/targets/kernel/multilogit.cu	partial	MultiLogit and MultiClassOneVsAll pairs; adds a search=True mode standing for TMultiClassificationTargets::StochasticDer (multiclass_targets.cpp:22-49)
gbdt/models/kernel/add_bin_values.mojo	catboost/cuda/models/kernel/add_model_value.cu	unverified	deviation 81: the approx dimension is block_idx.y where theirs is a buffer column count || UNVERIFIED: CatBoost is not on this machine; this status was inherited, not measured
tools/catboost_loss_oracle.py	(none)	tool	runs CatBoost CPU for the nine new losses; writes bench/oracle_losses.txt
gbdt/overfitting_detector/overfitting_detector.mojo	catboost/libs/overfitting_detector/overfitting_detector.{h,cpp}	partial	None, IncToDec and Iter; Wilcoxon unported
gbdt/methods/batch_feature_tensor_builder.mojo	catboost/cuda/data/feature.h + catboost/cuda/ctrs/batch_feature_tensor_builder.{h,cpp}	partial	TFeatureTensor half of feature.h plus the batch builder; deviations 116-118 (Int32 splits read through _as_u32, no streams so RequestStream is a batch width, dense cat codes with no currentBins cache)
gbdt/methods/oblivious_tree_structure_searcher.mojo	catboost/cuda/methods/oblivious_tree_structure_searcher.{h,cpp}	unverified	TFeatureParallelObliviousTreeSearcher::Fit, SetTarget arm at FoldBits==0 and one device; also carries TSubsetsHelper<TMirrorMapping>::Split from methods/pointwise_optimization_subsets.h:74-93 (DEVIATION 124). No AddTask arm, no tree CTRs. || UNVERIFIED: CatBoost is not on this machine; this status was inherited, not measured
gbdt/methods/oblivious_tree_bin_builder.mojo	catboost/cuda/gpu_data/oblivious_tree_bin_builder.{h,cpp}	unverified	TTreeUpdater + the docBins chain; ALSO gpu_data/splitter.h, gpu_data/kernel/split.cu and cuda_util/kernel/compression_helper.cuh at BitsPerKey==1. Directory is gbdt/methods/ not gbdt/gpu_data/ -- DEVIATION 124. || UNVERIFIED: CatBoost is not on this machine; this status was inherited, not measured
gbdt/methods/oblivious_tree_fold_tasks.mojo	catboost/cuda/methods/oblivious_tree_structure_searcher.cpp:15-27,29-43,321-364,485-505	partial	the FOLD arm of CreateSubsets: TOptimizationTask, WriteFoldBasedInitialBins, WriteSingleTaskInitialBins, MakeDocIndices, GetTotalIndicesSize, plus the AddTask loop from dynamic_boosting.h:313-329; deviations 119 (no streams), 125 (one extra UpdateSubsetsStats), 125a (staging buffers held past the enqueue)
gbdt/models/non_symmetric_tree.mojo	catboost/cuda/models/non_symmetric_tree.h + non_summetric_tree.cpp	partial	TNonSymmetricTreeStructure (nodes, split types, LeavesCount, the VisitBins walk) and TNonSymmetricTree (structure, values, weights, dim). GetHash, Rescale, ShiftLeafValues, UpdateLeaves, UpdateWeights and ComputeBins NOT written -- see UNWIRED.md. visit_bins RETURNS the list where theirs takes a visitor (bounded O(leaves*depth) host memory, deviation block in the file).
gbdt/methods/greedy_subsets_searcher/model_builder.mojo	catboost/cuda/methods/greedy_subsets_searcher/model_builder.{h,cpp}	partial	TFlatTreeBuilder (both duplicate policies) + BuildTreeLikeModel<TNonSymmetricTree>. The TObliviousTreeModel and TRegionModel specializations NOT written. Node tree is an INDEX ARENA, not TSimpleSharedPtr + std::variant (deviation block in _Node). DEVIATION 350: TTreeNode's ui16 fields raise on overflow where theirs narrow silently.
gbdt/methods/greedy_subsets_searcher/structure_searcher_options.mojo	catboost/cuda/methods/greedy_subsets_searcher/structure_searcher_options.h	partial	nine of their eleven fields. BootstrapOptions omitted (this port bootstraps one level up, in the boosting driver) and FixedBinarySplits omitted (fed only by an option refused by name). Adds a check() with no counterpart of theirs.
gbdt/methods/greedy_subsets_searcher/greedy_search_helper_depthwise.mojo	catboost/cuda/methods/greedy_subsets_searcher/greedy_search_helper.cpp (the EGrowPolicy::Depthwise arms) + split_properties_helper.cpp:833-950 + structure_searcher_template.h:41-67	unverified	SelectLeavesToSplit/Visit, IsTerminalLeaf, ShouldTerminate, SplitLeaf, MakeSplit's MULTI-leaf arm, and FitImpl. FILE SPLIT is the structural deviation: their one file carries all four policies, ours carries SymmetricTree in greedy_search_helper.mojo and Depthwise here (see the module docstring). Deviations 351 (bin-feature lookup table) and 352 (partition stats recomputed per level, not updated inside the split). Control plane is THEIRS: two host waits per level, at their two points. || UNVERIFIED: CatBoost is not on this machine; this status was inherited, not measured
gbdt/data/leaf_path.mojo	catboost/cuda/data/leaf_path.h	partial	TLeafPath, previous_split, split_leaf_path, split_less/split_equal/paths_equal. GetHash, SortPath, SortUniquePath NOT written. Written by the LOSSGUIDE lane, consumed by the depthwise lane.
# ---- ADDED 2026-08-31 (audit): the 76 gbdt files that had no row ----
gbdt/__init__.mojo	(none)	no-upstream	Mojo package marker, 3 to 4 lines, no ported code. C++ has no counterpart to a package init file. It names the mirrored directory (the lane root) and carries the lane's SPDX and NOTICE header, which is this repository's text and not CatBoost's
gbdt/cat_feature/__init__.mojo	(none)	no-upstream	Mojo package marker, 3 to 4 lines, no ported code. C++ has no counterpart to a package init file. It names the mirrored directory (catboost/libs/cat_feature/) and carries the lane's SPDX and NOTICE header, which is this repository's text and not CatBoost's
gbdt/ctrs/__init__.mojo	(none)	no-upstream	Mojo package marker, 3 to 4 lines, no ported code. C++ has no counterpart to a package init file. It names the mirrored directory (catboost/cuda/ctrs/) and carries the lane's SPDX and NOTICE header, which is this repository's text and not CatBoost's
gbdt/ctrs/kernel/__init__.mojo	(none)	no-upstream	Mojo package marker, 3 to 4 lines, no ported code. C++ has no counterpart to a package init file. It names the mirrored directory (catboost/cuda/ctrs/kernel/) and carries the lane's SPDX and NOTICE header, which is this repository's text and not CatBoost's
gbdt/data/__init__.mojo	(none)	no-upstream	Mojo package marker, 3 to 4 lines, no ported code. C++ has no counterpart to a package init file. It names the mirrored directory (catboost/cuda/data/) and carries the lane's SPDX and NOTICE header, which is this repository's text and not CatBoost's
gbdt/digest/__init__.mojo	(none)	no-upstream	Mojo package marker, 3 to 4 lines, no ported code. C++ has no counterpart to a package init file. It names the mirrored directory (util/digest/, their repo root's util and not catboost/) and carries the lane's SPDX and NOTICE header, which is this repository's text and not CatBoost's
gbdt/gpu_data/__init__.mojo	(none)	no-upstream	Mojo package marker, 3 to 4 lines, no ported code. C++ has no counterpart to a package init file. It names the mirrored directory (catboost/cuda/gpu_data/) and carries the lane's SPDX and NOTICE header, which is this repository's text and not CatBoost's
gbdt/gpu_data/kernel/__init__.mojo	(none)	no-upstream	Mojo package marker, 3 to 4 lines, no ported code. C++ has no counterpart to a package init file. It names the mirrored directory (catboost/cuda/gpu_data/kernel/) and carries the lane's SPDX and NOTICE header, which is this repository's text and not CatBoost's
gbdt/gpu_lib/__init__.mojo	(none)	no-upstream	Mojo package marker, 3 to 4 lines, no ported code. C++ has no counterpart to a package init file. It names the mirrored directory (catboost/cuda/cuda_lib/, renamed gpu_lib) and carries the lane's SPDX and NOTICE header, which is this repository's text and not CatBoost's
gbdt/gpu_lib/tasks_impl/__init__.mojo	(none)	no-upstream	Mojo package marker, 3 to 4 lines, no ported code. C++ has no counterpart to a package init file. It names the mirrored directory (catboost/cuda/cuda_lib/tasks_impl/) and carries the lane's SPDX and NOTICE header, which is this repository's text and not CatBoost's
gbdt/gpu_lib/tasks_queue/__init__.mojo	(none)	no-upstream	Mojo package marker, 3 to 4 lines, no ported code. C++ has no counterpart to a package init file. It names the mirrored directory (catboost/cuda/cuda_lib/tasks_queue/) and carries the lane's SPDX and NOTICE header, which is this repository's text and not CatBoost's
gbdt/gpu_util/__init__.mojo	(none)	no-upstream	Mojo package marker, 3 to 4 lines, no ported code. C++ has no counterpart to a package init file. It names the mirrored directory (catboost/cuda/cuda_util/, renamed gpu_util) and carries the lane's SPDX and NOTICE header, which is this repository's text and not CatBoost's
gbdt/gpu_util/gpu_data/__init__.mojo	(none)	no-upstream	Mojo package marker, 3 to 4 lines, no ported code. C++ has no counterpart to a package init file. It names the mirrored directory (catboost/cuda/cuda_util/gpu_data/) and carries the lane's SPDX and NOTICE header, which is this repository's text and not CatBoost's
gbdt/gpu_util/kernel/__init__.mojo	(none)	no-upstream	Mojo package marker, 3 to 4 lines, no ported code. C++ has no counterpart to a package init file. It names the mirrored directory (catboost/cuda/cuda_util/kernel/) and carries the lane's SPDX and NOTICE header, which is this repository's text and not CatBoost's
gbdt/grid_creator/__init__.mojo	(none)	no-upstream	Mojo package marker, 3 to 4 lines, no ported code. C++ has no counterpart to a package init file. It names the mirrored directory (library/cpp/grid_creator/) and carries the lane's SPDX and NOTICE header, which is this repository's text and not CatBoost's
gbdt/lapack/__init__.mojo	(none)	no-upstream	Mojo package marker, 3 to 4 lines, no ported code. C++ has no counterpart to a package init file. It names the mirrored directory (catboost/private/libs/lapack/) and carries the lane's SPDX and NOTICE header, which is this repository's text and not CatBoost's
gbdt/methods/__init__.mojo	(none)	no-upstream	Mojo package marker, 3 to 4 lines, no ported code. C++ has no counterpart to a package init file. It names the mirrored directory (catboost/cuda/methods/) and carries the lane's SPDX and NOTICE header, which is this repository's text and not CatBoost's
gbdt/methods/greedy_subsets_searcher/__init__.mojo	(none)	no-upstream	Mojo package marker, 3 to 4 lines, no ported code. C++ has no counterpart to a package init file. It names the mirrored directory (catboost/cuda/methods/greedy_subsets_searcher/) and carries the lane's SPDX and NOTICE header, which is this repository's text and not CatBoost's
gbdt/methods/greedy_subsets_searcher/kernel/__init__.mojo	(none)	no-upstream	Mojo package marker, 3 to 4 lines, no ported code. C++ has no counterpart to a package init file. It names the mirrored directory (catboost/cuda/methods/greedy_subsets_searcher/kernel/) and carries the lane's SPDX and NOTICE header, which is this repository's text and not CatBoost's
gbdt/methods/leaves_estimation/__init__.mojo	(none)	no-upstream	Mojo package marker, 3 to 4 lines, no ported code. C++ has no counterpart to a package init file. It names the mirrored directory (catboost/cuda/methods/leaves_estimation/) and carries the lane's SPDX and NOTICE header, which is this repository's text and not CatBoost's
gbdt/metrics/__init__.mojo	(none)	no-upstream	Mojo package marker, 3 to 4 lines, no ported code. C++ has no counterpart to a package init file. It names the mirrored directory (catboost/libs/metrics/, only what the port needs) and carries the lane's SPDX and NOTICE header, which is this repository's text and not CatBoost's
gbdt/models/__init__.mojo	(none)	no-upstream	Mojo package marker, 3 to 4 lines, no ported code. C++ has no counterpart to a package init file. It names the mirrored directory (catboost/cuda/models/) and carries the lane's SPDX and NOTICE header, which is this repository's text and not CatBoost's
gbdt/models/cuda/__init__.mojo	(none)	no-upstream	Mojo package marker, 3 to 4 lines, no ported code. C++ has no counterpart to a package init file. It names the mirrored directory (catboost/libs/model/cuda/) and carries the lane's SPDX and NOTICE header, which is this repository's text and not CatBoost's
gbdt/models/kernel/__init__.mojo	(none)	no-upstream	Mojo package marker, 3 to 4 lines, no ported code. C++ has no counterpart to a package init file. It names the mirrored directory (catboost/cuda/models/kernel/) and carries the lane's SPDX and NOTICE header, which is this repository's text and not CatBoost's
gbdt/options/__init__.mojo	(none)	no-upstream	Mojo package marker, 3 to 4 lines, no ported code. C++ has no counterpart to a package init file. It names the mirrored directory (catboost/private/libs/options/) and carries the lane's SPDX and NOTICE header, which is this repository's text and not CatBoost's
gbdt/overfitting_detector/__init__.mojo	(none)	no-upstream	Mojo package marker, 3 to 4 lines, no ported code. C++ has no counterpart to a package init file. It names the mirrored directory (catboost/libs/overfitting_detector/) and carries the lane's SPDX and NOTICE header, which is this repository's text and not CatBoost's
gbdt/targets/__init__.mojo	(none)	no-upstream	Mojo package marker, 3 to 4 lines, no ported code. C++ has no counterpart to a package init file. It names the mirrored directory (catboost/cuda/targets/) and carries the lane's SPDX and NOTICE header, which is this repository's text and not CatBoost's
gbdt/targets/kernel/__init__.mojo	(none)	no-upstream	Mojo package marker, 3 to 4 lines, no ported code. C++ has no counterpart to a package init file. It names the mirrored directory (catboost/cuda/targets/kernel/) and carries the lane's SPDX and NOTICE header, which is this repository's text and not CatBoost's
gbdt/data/quantization.mojo	catboost/libs/data/quantization.cpp:300-346 + catboost/libs/model/cpu/quantization.h:368-409	unverified	CalcQuantization's NaN half and the NaN half of the apply-time quantizer. THE WHOLE MECHANISM IS A SENTINEL BORDER AND NOTHING DOWNSTREAM KNOWS: there is no NaN branch in their histogram kernels, their scorer, their partitioner or their GPU evaluator, so everything after quantization sees an ordinary bin index. A COLUMN WITH NaNs GETS ONE FEWER REAL BORDER (--nonNanValuesBorderCount at :321-346), which is a budget decrement and not a rounding detail: inserting the sentinel without it would hand the histogram one more bin than the caller asked for, changing the grid policy a feature lands in (grid_policy.mojo:83 is a step function) and therefore which kernel reads it. status unverified, CatBoost not on disk || UNVERIFIED: CatBoost is not on this machine; this status was inherited, not measured
gbdt/gpu_lib/gpu_profiler.mojo	catboost/cuda/cuda_lib/cuda_profiler.h	unverified	Named, nested, scoped timers over the control plane. Not instrumentation bolted on afterwards: it is how CatBoost knows where a tree's time goes, and their driver is full of it (split_properties_helper.cpp:842-843, the per-level Leaves split and Compute histograms guards). Transliterated where it transliterates; the file carries its own DEVIATION BLOCK for the rest. status unverified, CatBoost not on disk || UNVERIFIED: CatBoost is not on this machine; this status was inherited, not measured
gbdt/gpu_lib/mapping.mojo	catboost/cuda/cuda_lib/mapping.h	unverified	How a buffer's objects are spread over the devices. All three mappings, which differ only in their answers to GetObjectsSlice / DeviceSlice / ToLocalSlice, plus MemorySize and MemoryOffset (:31-61). The file carries its own DEVIATION BLOCK. status unverified, CatBoost not on disk || UNVERIFIED: CatBoost is not on this machine; this status was inherited, not measured
gbdt/gpu_util/kernel/bootstrap.mojo	catboost/cuda/cuda_util/kernel/bootstrap.cu + catboost/cuda/gpu_data/bootstrap.h	partial	BayesianBootstrapImpl (:35-49), UniformBootstrapImpl (:51-62) and PoissonBootstrapImpl (:7-19), plus the weight application around them: BootstrappedWeights fills ones, Bootstrap draws, BootstrapAndFilter multiplies BOTH the der plane and the weight plane by the same draw. GammaBootstrapImpl (:21-33) is NOT ported. Their GPU oblivious searcher takes Bayesian by default and ASSERTS MVS away (greedy_subsets_searcher/weak_objective_impl.h:30), and Bayesian never produces zero weights, so AreZeroWeightsAfterBootstrap is false for it and their zero-filter/gather branch is never taken -- none of that machinery is carried, which is DEVIATION 69 (the zero-weight rows are not filtered out). Their HOST RNG (gpu_random.cpp:258-267) is not ported. status unverified, CatBoost not on disk
gbdt/gpu_util/kernel/partition_stats_gather.mojo	catboost/cuda/cuda_util/partitions_reduce.h	reimplemented	DEVIATION 1902: the ridx-only twin of gbdt/gpu_util/partitions_reduce.mojo, whose own row above already records that their version is a CUB segmented reduce. Under 1902 the stat planes stay in the order the objective wrote them for the life of the fit and only row_index is permuted at a split, so a partition range [offset, offset + size) no longer addresses its rows directly and the per-leaf reduce must GATHER: v += stats[stat * line + row_index[offset + i]] where the permuted-plane form was v += stats[stat * line + offset + i]. Same value bits at the same loop iteration on the same thread. status unverified, CatBoost not on disk
gbdt/gpu_util/kernel/partitions.mojo	catboost/cuda/cuda_util/kernel/partitions.cu	partial	UpdatePartitionOffsets: the TVecOffsetWriter arm (:81-107, the kernel) and the ui32* entry that dispatches it (:155-176). The TPartitionOffsetWriter arm, which writes TDataPartition records for the tree learner, has NO CALLER in this port and is not ported; the tree path derives its partitions elsewhere. One caller: TWeightedBinFreqCalcer::VisitEqualUpToPriorFreqCtrs (ctrs/ctr_calcers.h:318), handing it the scanned segment ids ascending and a SegmentStarts buffer of partCount entries. status unverified, CatBoost not on disk
gbdt/gpu_util/kernel/random_gen.mojo	catboost/cuda/cuda_util/kernel/random_gen.cuh	unverified	The generator is a pair of 16-bit multiply-with-carry streams packed into one u64 (AdvanceSeed), exactly as they wrote it. Every kernel that draws randomness carries one such seed PER THREAD and writes the advanced seed back, and THAT WRITE-BACK IS THE RNG STATE OF THE FIT. One deviation stated once for the file: their NextUniform computes ((v << 16) + u) * 2.328306435996595e-10 in FLOAT64 and Metal has no Float64 on device. status unverified, CatBoost not on disk || UNVERIFIED: CatBoost is not on this machine; this status was inherited, not measured
gbdt/gpu_util/kernel/reorder_single_pass.mojo	catboost/cuda/methods/greedy_subsets_searcher/kernel/split_points.cu:741	reimplemented	PORT OF THE DESIGN behind SortByFlagsInLeaf's BIG arm: if (part.Size > FastSortSize()) with FastSortSize() == 500000, whose body is cub::DeviceRadixSort::SortPairs. CUB is the thing being stood in for, so there is no upstream text to transliterate -- their small arm, SortWithoutCub, is gbdt/gpu_util/kernel/reorder_one_bit.mojo's row above, and that file's FAST_SORT_SIZE banner recorded the big arm as a gap because we had no device sort to take. Single-pass stable one-bit partition. status unverified, CatBoost not on disk
gbdt/gpu_util/kernel/segmented_reduce.mojo	catboost/cuda/cuda_util/reduce.h:27	reimplemented	PORT OF THE CALL, NOT THE LIBRARY. Their SegmentedReduceVector's Sum arm is cub::DeviceSegmentedReduce::Sum over [SegmentStarts[s], SegmentStarts[s+1]). THE VENDOR CHECK WAS RUN 2026-08-21 and is recorded rather than assumed: MAX ships no device-wide segmented reduce (algorithm is the ROW-WISE reduction library over regular rows; graph and nn reductions are Python-level graph ops), so per the vendor rule this is hand-written portably, like segmented_scan.mojo before it and for the same reason. One caller: TWeightedBinFreqCalcer::VisitEqualUpToPriorFreqCtrs. status unverified, CatBoost not on disk
gbdt/methods/dynamic_boosting_folds.mojo	catboost/cuda/methods/dynamic_boosting.h:75-119,177-185,189-223,283-289,573-575	partial	The FOLD machinery of their ORDERED boosting and nothing else in the file: TFold and TFoldAndPermutationStorage (:75-119), MinEstimationSize (:177-185), CreateFolds (:189-223) and the permutation counts the fold grid is sized by (:283-289, :573-575). The ordered boosting DRIVER around them is not this row. Supporting reads, all transliterated with it: gpu_data/samples_grouping.h:13-127 (IQueriesGrouping and its two implementations), cuda/utils/helpers.h:3-6 (CeilDivide), libs/helpers/math_utils.h:14-16 (NCB::IntLog2) and cuda_lib/slice.h:9 (TSlice). Needs no GPU. status unverified, CatBoost not on disk
gbdt/methods/greedy_subsets_searcher/depthwise_stage_times.mojo	(none)	no-upstream	The file's own words: NOT A PORT, and not a benchmark. CatBoost has no equivalent and the bench harness must never read these numbers -- attributing wall time to a STAGE on an asynchronous queue requires a drain at every stage boundary, which is a control-plane change of exactly the kind HOST_AND_DEVICE.md is about, so a stage-timed run is not a timing any more than a traced run is, and quiet_window would rightly refuse it. Env-gated, for TRIAGE: before an optimization round can pick a stage, something has to say which stage the milliseconds are in
gbdt/methods/greedy_subsets_searcher/greedy_search_helper_lossguide.mojo	catboost/cuda/methods/greedy_subsets_searcher/greedy_search_helper.cpp (the EGrowPolicy::Lossguide arms)	unverified	Which ONE leaf Lossguide splits next, and when it stops. DEVIATION 316 IS THE FILE SPLIT AND IT IS STRUCTURAL, NOT NUMERIC: their single TGreedySearchHelper holds every policy's arm in one .cpp, while here the symmetric arm is greedy_search_helper.mojo, the Depthwise arm is greedy_search_helper_depthwise.mojo (already a row above, with its own account of the same split) and the Lossguide arm is this file. The reason is a checkout state, not a design. status unverified, CatBoost not on disk || UNVERIFIED: CatBoost is not on this machine; this status was inherited, not measured
gbdt/methods/greedy_subsets_searcher/kernel/hist_2_one_byte_8bit.mojo	(none)	no-upstream	The file's own DEVIATION BLOCK, first line: NO CATBOOST COUNTERPART. Their one-byte ladder fuses two stats only up to 128 bins (hist_one_byte.cu:315-323), because at 8 bits a warp-PRIVATE two-stat slice is 256 bins x 2 stats x 4 features x 4 B = 8 KB per warp, which no shared-memory budget carries at their block sizes; 129-255 bins therefore fall back to their one-stat PASS family, gridDim.z = statCount, two full walks over the compressed index per level. The Apple shared-Int32 arm removes the constraint that fallback exists for -- slices are SHARED, the adds are ATOMIC, four warps share one 8 KB slice and a 512-thread block holds four slices in exactly 32 KB -- so this is the >128-bin arm CatBoost never wrote. Its FAMILY is theirs; this file is not
gbdt/methods/greedy_subsets_searcher/kernel/hist_quantized_shared.mojo	(none)	no-upstream	The file's own DEVIATION BLOCK, first line: NO CATBOOST COUNTERPART. This family is the recons' borrowed design, not a port of hist_one_byte.cu. DEV 1911 is XGBoost's fixed-point gradient pairs, converted once per round with a scale derived from the round's magnitudes (GradientQuantiser::ToFixedPoint, quantiser.cuh:21-31; CreateRoundingFactor, histogram.cu:90-115); DEV 1912 is LightGBM packing the discretized pair into ONE word per row so the hist kernel loads it in one instruction (cuda_histogram_constructor.cu:291-294). NEITHER XGBoost NOR LightGBM IS A TREE THIS REPOSITORY MIRRORS FILE FOR FILE -- they are recon sources, recorded in recon_xgboost_gpu.md and the LightGBM recon -- so there is no upstream path for column 2 and this is not a CatBoost derivation
gbdt/methods/greedy_subsets_searcher/kernel/split_points_ridx.mojo	catboost/cuda/methods/greedy_subsets_searcher/kernel/split_points.cu	reimplemented	DEVIATION 1902: at a split, move ONLY the row index. A FAST-ARM LAUNCHER routed by ridx_only_splits_for -- NO NEW KERNEL LIVES HERE, and every kernel this file launches is gbdt/methods/greedy_subsets_searcher/kernel/split_points.mojo's, unchanged -- because the whole deviation is a SCHEDULE: the stat planes stop being permuted at splits and every reader gathers them through the row index instead (stats[row_index[pos]]), so the split's payload drops from (stat_count + 1) columns moved twice to ONE column. Reference design is XGBoost's RowPartitioner, which both source recons converged on. status unverified, CatBoost not on disk
gbdt/methods/greedy_subsets_searcher/kernel/split_resolve.mojo	(none)	no-upstream	The file's own DEVIATION BLOCK: NO CATBOOST COUNTERPART AS A KERNEL. Their level blocks the host TWICE -- bestProps.Read(propsCpu) (greedy_search_helper.cpp:517) hands the argmax to the host, which reduces the block winners (:520-529), packs the split descriptors (split_properties_helper.cpp:872-905) and uploads them, and then RebuildLeavesSizes blocks again (:800-813). On CUDA a drain is cheap and their design tolerates two per level; on this box a drain measures about 191 us plus the queue-empty bubble behind it, inside a fixed per-tree floor of 9.3 to 11.5 ms of a 19.7 ms covtype tree. THE ARITHMETIC EACH KERNEL PERFORMS IS THEIRS, moved to the device; what has no counterpart is the kernel-shaped block-winner reduce and the split-descriptor pack, so a level blocks the host ONCE
gbdt/methods/greedy_subsets_searcher/quantized_hist_launcher.mojo	(none)	no-upstream	The HOST half of gbdt/methods/greedy_subsets_searcher/kernel/hist_quantized_shared.mojo, which has no CatBoost counterpart either and for the same reason: the per-level quantize pass, the feature-group/replica grid (DEV 1913/1914) and the dequantizing bridge. Called by the NON-SYMMETRIC driver in place of launch_histograms_for_blocks only when the build is FAST on a column greedy_quantized_hist_for claims -- QUANTIZED_HIST_LIVE is comptime False under IDENTICAL, so the IDENTICAL column cannot reach this file at all -- AND the dataset's shape fits (every policy block ONE-BYTE, stat_count == 2)
gbdt/methods/helpers.mojo	catboost/cuda/methods/helpers.h + catboost/cuda/methods/helpers.cpp	partial	Eleven of their thirteen symbols: TakeBest(a,b) (helpers.h:11), TakeBest(a,b,c) (:19), ReverseBits (:53), GetOddBits (:64), GetEvenBits (:77), MergeBits (:90), ToSplit (helpers.cpp:157), both SplitConditionToString overloads (:70, :106), PrintBestScore (:142) and HasPermutationDependentSplit (:60). GetBinsForModel (helpers.cpp:3) and CacheBinsForModel (:45) are NOT PORTED, and their absence is priced rather than left to be read as an oversight: GetBinsForModel replays every split of a finished TObliviousTreeStructure through TTreeUpdater and MEMOISES the result in a TScopedCacheHolder keyed on whether any split is permutation-dependent, and TScopedCacheHolder, TTreeUpdater's caching form and TFeatureParallelDataSet are all unported, with the only callers being the FEATURE-PARALLEL learner and its leaves estimator. status unverified, CatBoost not on disk
gbdt/methods/histograms_helper.mojo	catboost/cuda/methods/histograms_helper.h	partial	TComputeHistogramsHelper: the object their doc-parallel oblivious searcher holds one of PER FEATURE GROUPING POLICY (binary, half-byte, one-byte) and drives once per depth. It owns almost no arithmetic; what it owns is a four-field state machine, and that state machine decides BuildFromScratch, the FULL-PASS flag and the single most consequential bit in the histogram family. EnsureHistCompute is NOT PORTED HERE -- it synchronizes a stream this port does not have. One stated deviation: the buffer management is expressed as SIZES here rather than as their buffer objects. status unverified, CatBoost not on disk
gbdt/methods/kernel/compute_point_hist2_loop.mojo	catboost/cuda/methods/kernel/compute_point_hist2_loop.cuh	unverified	CatBoost's ONE pointwise histogram loop, written once and shared, which is the spine of the POINTWISE family (PORTING.md 91 B, NEXT_TWO.md rung 1). Every one of their pointwise_hist2* kernels is this loop instantiated with a different accumulator: the loop knows nothing about bin widths, shared-memory layouts or writeback, and the accumulator knows nothing about striping, alignment or block-per-feature splitting. Shared here as it is shared there, and DUPLICATED in the greedy-subsets family exactly as CatBoost duplicates it. status unverified, CatBoost not on disk || UNVERIFIED: CatBoost is not on this machine; this status was inherited, not measured
gbdt/methods/kernel/pointwise_hist2_binary.mojo	catboost/cuda/methods/kernel/pointwise_hist2_binary.cu	unverified	ComputeSplitPropertiesBImpl, the BINARY driver: 32 one-bit features per block. It builds its histogram with TPointHistHalfByte -- the same accumulator the half-byte kernel uses, not a binary-specific one -- and the only thing that makes it a binary kernel is the WRITEBACK: thirty-two one-bit features pack into eight nibbles, four features to a nibble, and the value is recovered by SUMMING the nibble values whose bit is clear. status unverified, CatBoost not on disk || UNVERIFIED: CatBoost is not on this machine; this status was inherited, not measured
gbdt/methods/kernel/pointwise_hist2_half_byte.mojo	catboost/cuda/methods/kernel/pointwise_hist2_half_byte.cu	unverified	ComputeSplitPropertiesHalfByteImpl, the HALF-BYTE driver: 8 features of up to 16 bins per block. Same accumulator as the binary kernel (TPointHistHalfByte, :42 and pointwise_hist2_binary.cu:39 both say so) and the same loop choice; the two differ only in how they READ the reduced block, this one indexing smem[fold * 16 + 2 * fid + w] directly where the binary kernel sums. status unverified, CatBoost not on disk || UNVERIFIED: CatBoost is not on this machine; this status was inherited, not measured
gbdt/methods/kernel/pointwise_hist2_half_byte_template.mojo	catboost/cuda/methods/kernel/pointwise_hist2_half_byte_template.cuh	unverified	TPointHistHalfByte<BlockSize>, the pointwise family's small-bin accumulator, and THERE IS ONLY ONE OF IT -- both the binary and the half-byte kernel say using THist = TPointHistHalfByte<BlockSize>. Also carries util/kernel/kernel_helpers.cuh's pieces that it needs. One method at :216 declares NO CATBOOST COUNTERPART and points at the module docstring's last note; the file as a whole is a transcription. status unverified, CatBoost not on disk || UNVERIFIED: CatBoost is not on this machine; this status was inherited, not measured
gbdt/methods/kernel/pointwise_hist2_one_byte_5bit.mojo	catboost/cuda/methods/kernel/pointwise_hist2_one_byte_5bit.cu	unverified	The 5-bit pointwise accumulator, TPointHist<0, 0, BlockSize>. The first PointHist2 implementor: FOUR features at a time, each occupying one byte of a UInt32 compressed-index word, up to 32 bins each plus 32 as the absent marker. Its SliceOffset() (:52-58) is character-identical to the greedy-subsets family's (hist_2_one_byte_5bit.cu:25-31), and so is the bin arithmetic. 4 inner copies, 8 threads sharing one, 2 syncs. status unverified, CatBoost not on disk || UNVERIFIED: CatBoost is not on this machine; this status was inherited, not measured
gbdt/methods/kernel/pointwise_hist2_one_byte_6bit.mojo	catboost/cuda/methods/kernel/pointwise_hist2_one_byte_6bit.cu	unverified	The 6-bit pointwise accumulator, TPointHist<0, 1, BlockSize>. Up to 64 bins per feature, 64 as the absent marker. Everything structural follows from one fact: twice the bins in the same 1024-slot warp slice means half as many private copies, so 2 inner copies and 16 threads sharing each, 4 syncs -- which is why this file has a write-ordering flag the 5-bit file does not. status unverified, CatBoost not on disk || UNVERIFIED: CatBoost is not on this machine; this status was inherited, not measured
gbdt/methods/kernel/pointwise_hist2_one_byte_7bit.mojo	catboost/cuda/methods/kernel/pointwise_hist2_one_byte_7bit.cu	unverified	The 7-bit pointwise accumulator, TPointHist<0, 2, BlockSize>. Up to 128 bins per feature, 128 as the absent marker, and the whole 1024 slots of a warp slice go to ONE copy: 1 inner copy, 32 threads sharing it, 8 syncs. The end of the 5/6/7 progression, so SliceOffset() is just the warp offset with no innerHistStart term. status unverified, CatBoost not on disk || UNVERIFIED: CatBoost is not on this machine; this status was inherited, not measured
gbdt/methods/kernel/pointwise_hist2_one_byte_8bit.mojo	catboost/cuda/methods/kernel/pointwise_hist2_one_byte_8bit.cu	unverified	The 8-bit pointwise accumulator, TPointHist<2, 1, BlockSize>. Up to 256 bins per feature, and THIS ONE IS NOT THE 5/6/7 PROGRESSION CONTINUED -- it is a different design, because the progression runs out of room past one copy per warp slice. A note at :215 records that a case does not fit in the byte so CatBoost has nothing to test there; the file itself is a transcription of theirs. status unverified, CatBoost not on disk || UNVERIFIED: CatBoost is not on this machine; this status was inherited, not measured
gbdt/methods/kernel/pointwise_hist2_one_byte_templ.mojo	catboost/cuda/methods/kernel/pointwise_hist2_one_byte_templ.cuh	unverified	The one-byte DRIVER: which accumulator runs, on which features, and where the result goes. The six accumulators know how to add a point and this file is everything else -- slice the feature array (feature += (blockIdx.x / M) * 4), pick the partition and histogram slot (ShiftPartAndBinSumsPtr), and REFUSE if this block's features do not belong to this bit width (GetMaxBinCount plus the bounds). status unverified, CatBoost not on disk || UNVERIFIED: CatBoost is not on this machine; this status was inherited, not measured
gbdt/methods/kernel/pointwise_scores.mojo	catboost/cuda/methods/kernel/pointwise_scores.cu + catboost/cuda/methods/kernel/score_calcers.cuh	unverified	CatBoost's POINTWISE split scorer and all five score calcers -- the family BOTH of their oblivious tree searchers share (PORTING.md 91 B), reading the histograms pointwise_hist2* produce and split_properties_helpers.ScanHistogramsImpl scans. DEVIATION 94: NO FLOAT64 ANYWHERE, AND THEIRS ACCUMULATES IN DOUBLE. Every double becomes Float32, by citation: TPartitionStatistics's Weight/Sum/Count (gpu_data/gpu_structures.h:113-116); AddLeaf(double, double) in all five calcers and TCosineScoreCalcer's Score/DenumSqr (score_calcers.cuh:22, 53, 83, 114, 152, 182-183); scoreBeforeSplit, l2 and scoreStdDev as kernel arguments (:50, :325-326); and the __shared__ volatile double localBuffer plus Reduce<double, BLOCK_SIZE> in PartitionUpdateImpl (:637, :644), which is where the partition totals are MADE and which therefore compounds. WHAT IT COSTS, named rather than hidden: the right child is derived as part.Sum - sumLeft (:263, :369), the cancellation step of the whole scorer, and theirs cancels in double and narrows afterwards while this cancels in Float32 throughout, so A SPLIT CHOICE CAN DIFFER FROM CATBOOST'S whenever two candidates sit within Float32 epsilon after cancellation, widening with pCount and foldCount. No Float64 appears here pretending to be theirs; the one legitimate Float64 is a host oracle and the gate uses one. DEVIATION 95: their struct pointers become flat typed arrays, because a Mojo kernel argument cannot be a pointer to a non-trivial struct. DEVIATION 96: StreamLoad and __ldg have no portable spelling. status unverified, CatBoost not on disk || UNVERIFIED: CatBoost is not on this machine; this status was inherited, not measured
gbdt/methods/kernel/pointwise_split_resolve.mojo	(none)	no-upstream	The file's own second line: NO CATBOOST COUNTERPART AS KERNELS. DEVIATION 207. Upstream resolves each level's winner ON THE HOST -- TFindBestSplitsHelper::ReadOptimalSplit (histograms_helper.h:248-252) reads the per-block records back and folds them with TakeBest, TScoresCalcerOnCompressedDataSet::ReadOptimalSplit (pointwise_scores_calcer.h:94-105) folds the helpers, and the searcher consumes the winner (oblivious_tree_doc_parallel_structure_searcher.cpp:113-134) -- a blocking read per level, about 5 us on their pinned memory and about 191 us plus a queue-empty bubble on this box (the greedy census, DEVIATION 94). So the level loop here is enqueued BLIND: THE SAME TWO NESTED FOLDS run as one-thread kernels, the winner record lands in a per-level device array and the host reads ALL levels once per tree. The FOLD is theirs; the kernels have no counterpart
gbdt/methods/kernel/split_properties_helpers.mojo	catboost/cuda/methods/kernel/split_properties_helpers.cuh	unverified	The offset arithmetic every POINTWISE histogram kernel shares, including ScanHistogramsImpl. This is CatBoost's OTHER histogram family: they have three GPU tree searchers and two histogram families, and greedy_subsets_searcher/kernel/ (already mapped above) drives our symmetric trees and is what CatBoost runs for MULTICLASS symmetric trees, while methods/kernel/pointwise_hist2* is this one, shared by BOTH of their oblivious searchers. PORTING.md 91 B lays out which is which. status unverified, CatBoost not on disk || UNVERIFIED: CatBoost is not on this machine; this status was inherited, not measured
gbdt/methods/leaves_estimation/descent_helpers.mojo	catboost/cuda/methods/leaves_estimation/descent_helpers.h + .cpp	unverified	The Newton walker: iterate leaf values against an estimation oracle. BOTH ARMS of TDirectionEstimator::UpdateMoveDirection's HessianBlockSize switch (descent_helpers.cpp:75-81) -- the DIAGONAL arm every pointwise loss takes (:82-90, MoveDirection[i] = Hessian[i] > 0 ? Gradient[i] / (Hessian[i] + 1e-20f) : 0) and the blocked arm. DEVIATION 74 (their LAPACK dposv_ through clapack) has the full account of the solve and is already a row above on gbdt/lapack/linear_system.mojo. status unverified, CatBoost not on disk || UNVERIFIED: CatBoost is not on this machine; this status was inherited, not measured
gbdt/methods/leaves_estimation/doc_parallel_leaves_estimator.mojo	catboost/cuda/methods/leaves_estimation/doc_parallel_leaves_estimator.h + .cpp	partial	CreateDerCalcer (:41-56) only: the half that turns a (structure, dataset, cursor) triple into something the oracle can read. The rest of their estimator -- the per-permutation TASK loop their doc_parallel_boosting.h:371-385 drives, and its bookkeeping -- is not ported, because this repository's boosting loop already owns the schedule. Exists at all because their estimator takes TASKS, one per permutation. status unverified, CatBoost not on disk
gbdt/methods/leaves_estimation/oracle_interface.mojo	catboost/cuda/methods/leaves_estimation/oracle_interface.h	partial	Cut to the surface the DIAGONAL pointwise path uses; transliterated where there is code to transliterate, the interface itself being a shape. Deliberately absent, so nobody goes looking: AddLangevinNoiseToDerivatives, a no-op unless boostingOptions.Langevin (posterior sampling) is on (pointwise_oracle.cpp:199-204), which no configuration this repository runs sets -- the hook is OMITTED rather than stubbed. status unverified, CatBoost not on disk
gbdt/methods/leaves_estimation/pointwise_oracle.mojo	catboost/cuda/methods/leaves_estimation/pointwise_oracle.h + .cpp	partial	TBinOptimizedOracle, the rowSize == 1 arm -- every single-dim pointwise loss. The multi-dim arm is not ported. Their layout is kept: the target, weights and CURSOR COPY gathered into BIN ORDER with per-bin offsets and sizes. One structural difference in the port's favour and it is recorded as such rather than as an improvement: their doc-parallel factory SORTS by the model's bins at construction, while this receives the order for free, because the searcher's split_points gathers left row_index exactly bin-sorted and the caller gathers target/weights/cursor by it. status unverified, CatBoost not on disk
gbdt/methods/leaves_estimation/step_estimator.mojo	catboost/cuda/methods/leaves_estimation/step_estimator.h + .cpp	unverified	All three acceptance rules behind their one interface (step_estimator.cpp:8-66), selected by ELeavesEstimationStepBacktracking: No (TSkipStepEstimation, always satisfied), AnyImprovement (TSimpleStepEstimator, FunctionValue <= nextFuncValue -- everything downstream MAXIMIZES, so improvement is a non-decrease with ties included) and Armijo (nextFuncValue >= FunctionValue + C*step*DirGradDot). status unverified, CatBoost not on disk || UNVERIFIED: CatBoost is not on this machine; this status was inherited, not measured
gbdt/methods/oblivious_tree_doc_parallel_structure_searcher.mojo	catboost/cuda/methods/oblivious_tree_doc_parallel_structure_searcher.h + .cpp	partial	TDocParallelObliviousTreeSearcher::FitImpl, one split per level over all leaves at once. THIS IS THE FIRST CALLER OF THE POINTWISE FAMILY: six accumulators, three drivers, the host launch layer, the scorer, the subsets and the histogram state machine were all correct and reached by nothing until this file existed (UNWIRED.md). It is also the learner CatBoost runs for single-target symmetric trees. DEVIATION 104: ComputeWeakTarget, the bootstrap and the leaf estimation are NOT in this file -- theirs does all three inside FitImpl, ours takes the weak target already computed and returns the STRUCTURE ONLY, because duplicating them here would FORK THE GRADIENT PATH, the one thing that must not differ between two learners being compared. DEVIATION 127: THIS FILE'S FOLD ARM HAS NO UPSTREAM COUNTERPART and is here because rung 3 was wired before rung 2 landed -- upstream's doc-parallel CreateSubsets hard-codes FoldCount = 0 and FoldBits = 0 (pointwise_optimization_subsets.cpp:12-14) and nothing can give it folds, since ordered boosting lives ONLY in TFeatureParallelObliviousTreeSearcher; the folds parameter is a deviation TO BE DELETED, not a feature, while everything under it is ported from the feature-parallel side and is shared by both searchers. DEVIATION 105: observations must be the identity, and the file RAISES on a non-identity request rather than silently using the wrong array. DEVIATION 126 means it refuses and cannot grow a tree in the fold configuration anyway. status unverified, CatBoost not on disk
gbdt/methods/pointwise_kernels.mojo	catboost/cuda/methods/pointwise_kernels.h + .cpp + catboost/cuda/methods/kernel/pointwise_hist2.cu + pointwise_hist2_one_byte_templ.cuh:221-270 + pointwise_hist2_binary.cu:128-179 + pointwise_hist2_half_byte.cu:130-180 + catboost/cuda/gpu_data/folds_histogram.h	partial	The POINTWISE HOST LAUNCH LAYER, gathered into one file because upstream spreads ONE CALL CHAIN across six: the wrapper objects; UpdateFoldBins, UpdatePointwiseHistograms and ScanPointwiseHistograms from pointwise_hist2.cu; the three ComputeHist2* launchers; and TFoldsHistogram. Named slices only, which is why this is partial rather than a whole-file row. DEVIATION 100: THE BLOCK SIZES ARE THE KERNEL MATRIX'S, NOT THEIR LITERALS (kernels that allocate threadgroup memory are exempt and keep theirs). DEVIATION 101: their exit(1) and CB_ENSURE_INTERNAL become raised errors, at each of their five sites. DEVIATION 102: the wrapper OBJECT becomes a function. DEVIATION 93 is cited here for the threadgroup float atomic Metal does not have. status unverified, CatBoost not on disk
gbdt/methods/pointwise_optimization_subsets.mojo	catboost/cuda/methods/pointwise_optimization_subsets.h + .cpp	unverified	TOptimizationSubsets, the TStripeMapping specialization: the state CatBoost's two OBLIVIOUS tree searchers carry down a level, and the three-step move that takes it from depth d to depth d+1. CatBoost has THREE GPU searchers and TFeatureParallelObliviousTreeSearcher and TDocParallelObliviousTreeSearcher share this entire stack (PORTING.md 91 B), which is why it is a file of its own here. NOTHING IN IT REIMPLEMENTS THE PRIMITIVES IT CALLS: the reorder is UNCHANGED and is already the port of cuda_util/sort.cpp:544, and DEVIATIONS 97.2 and 98 record which of their two forms is taken and what was removed. status unverified, CatBoost not on disk || UNVERIFIED: CatBoost is not on this machine; this status was inherited, not measured
gbdt/methods/pointwise_scores_calcer.mojo	catboost/cuda/methods/pointwise_scores_calcer.h	unverified	TScoreHelper -- which their histograms_helper.h:353-419 actually defines -- and TScoresCalcerOnCompressedDataSet. The join between everything the pointwise family builds: a TScoreHelper owns a TComputeHistogramsHelper (the full-pass state machine) and a TFindBestSplitsHelper (the scorer), and the calcer owns ONE HELPER PER POLICY (binary 32 one-bit features per block, half-byte, one-byte) and folds their answers into one best split. status unverified, CatBoost not on disk || UNVERIFIED: CatBoost is not on this machine; this status was inherited, not measured
gbdt/methods/random_score_helper.mojo	catboost/cuda/methods/random_score_helper.h	unverified	Three functions that between them decide the ONE scalar every noisy score kernel multiplies its normal draw by: ComputeStdDev(target) as sqrt(sum wt^2/w / count), CalcScoreModelLengthMult(n, modelSize) and ComputeScoreStdDev(mult, strength, target) as mult * stdDev * strength. CalcScoreModelLengthMult is the only reason random_strength fades with tree count. Note that gbdt/options/catboost_options.mojo's row above records random_strength 0.0 as a departure from their default, so this file is ported but its effect is off by default here. status unverified, CatBoost not on disk || UNVERIFIED: CatBoost is not on this machine; this status was inherited, not measured
gbdt/metrics/optimal_const_for_loss.mojo	catboost/libs/metrics/optimal_const_for_loss.h	partial	The optimum constant starting approx per loss: what boost_from_average seeds the cursors with and what the model records as its bias (doc_parallel_boosting.h:174-182, :434). By their CalcOneDimensionalOptimumConstApprox switch: RMSE PORTED (CalculateWeightedTargetAverage), Logloss and CrossEntropy PORTED (the logit of the weighted average), Quantile and MAE NOT YET, because CalculateWeightedTargetQuantile needs CalcSampleQuantile. status unverified, CatBoost not on disk
gbdt/models/add_non_symmetric_tree_doc_parallel.mojo	catboost/cuda/models/add_non_symmetric_tree_doc_parallel.h + .cpp	partial	Two of their three entry points, each collapsed to one device and one task, which is what the caller in doc_parallel_boosting has. ComputeBinsForModel(const TNonSymmetricTreeStructure&, dataSet, bins) (:208-216) is one task of TComputeNonSymmetricTreeLeavesDocParallel, which packs one TCFeature per INTERNAL NODE beside the node array (:88-92) and launches ComputeNonSymmetricDecisionTreeBins. The third entry point and the multi-device task fan-out are not ported. DEVIATION 259: a check theirs runs does not run in this boosting loop. status unverified, CatBoost not on disk
gbdt/models/ctr_value_table.mojo	catboost/libs/model/ctr_value_table.h + catboost/libs/model/online_ctr.h:260-292 + catboost/libs/model/static_ctr_provider.cpp:63-71	partial	TCtrValueTable, the TModelCtr half of online_ctr.h, and the lookup loop of TStaticCtrProvider::CalcCtrs. A CTR value is a STATISTIC OF THE LEARN POOL, so scoring an unseen row means looking its category up in the table the learn pool produced; until this file existed predict_floats REFUSED a categorical model rather than score it against a grid its rows were never mapped onto. THEIR DECOMPOSITION IS NOT THE OBVIOUS ONE and is kept: the table does NOT store the CTR value, it stores the raw statistic per category, and the value is formed at APPLY time by TModelCtr::Calc (online_ctr.h:289-292) as (countInClass + PriorNum) / (totalCount + PriorDenom) then (ctr + Shift) * Scale, with CounterDenominator set to the LEARN ROW COUNT for FeatureFreq. Their model-file serialization of it (model_export/json_model_helpers.cpp:440-482) is not ported; this repository's model format is plain text, PORTING.md deviation 49. status unverified, CatBoost not on disk
gbdt/models/cuda/evaluator.mojo	catboost/libs/model/cuda/evaluator.cu + catboost/libs/model/cuda/evaluator.cuh	partial	CatBoost's own GPU model EVALUATOR: quantize the raw floats ONCE into a doc-tiled bucket layout, then evaluate blocks of trees against buckets that stay resident in cache, so DRAM traffic no longer multiplies by the tree count. Ported rather than reinvented under the vendor rule, because it is their design for exactly the problem measured here: the training-side apply (AddObliviousTreeImpl, one kernel per tree over the full compressed index) re-streams about 19 MB of cindex per tree, 1.9 GB for a 100-tree model, and measured 2.9x behind CatBoost's CPU evaluator on 800k x 100. NOT CARRIED: their results pipeline, ProcessResultsImpl, which converts to FLOAT64 with model scale and bias -- Metal has no float64, so bias enters as the accumulator's SEED instead (launch_eval clears results to Float32(model.bias)), which is bias-then-add in float32 where theirs is add-then-bias in float64, at most one float32 rounding of association apart and inside the reorder tolerance their own tree-block atomicAdd already imposes. Their in-kernel accumulator is float on their side too (TCudaEvaluatorLeafType = float, evaluator.cuh:26), and their one atomic is TAtomicAdd<float> on global memory, which Metal has (measured) and which ports directly with the same non-determinism class as their own GPU evaluator. By-value structs become parallel scalar arrays throughout, as every kernel in this port does. status unverified, CatBoost not on disk
gbdt/options/data_processing_options.mojo	catboost/private/libs/options/data_processing_options.h + .cpp + catboost/private/libs/options/enums.h:107-111	partial	The NanMode corner of their options object only, plus ENanMode. THE OPTION IS A REQUEST, NOT A FACT: of the three values only two can be chosen (Min, NaN to the LOWEST bin; Max, to the HIGHEST), while Forbidden is what a column RESOLVES to when it contains no NaN, whatever the option said. The rest of data_processing_options -- the ignored-feature list, the class weights, the target border, the text and embedding processing -- is not ported. status unverified, CatBoost not on disk
gbdt/options/overfitting_detector_options.mojo	catboost/private/libs/options/overfitting_detector_options.h + .cpp	unverified	Three numbers and the dispatch that picks the detector TYPE, which is the reason it needs a file: THE TYPE IS INFERRED FROM WHICH OF THE OTHER TWO THE CALLER SET and nothing about the three fields says so. Their Load (:24-32): with no type given, stop_pvalue present means IncToDec, wait_iterations present means Iter, neither means None -- so od_wait=20 alone is early stopping and od_pvalue=0.01 alone is a DIFFERENT detector. Pairs with the gbdt/overfitting_detector/overfitting_detector.mojo row above. status unverified, CatBoost not on disk || UNVERIFIED: CatBoost is not on this machine; this status was inherited, not measured
gbdt/train.mojo	(none)	no-upstream	The file's own second line: NOT A PORT. The user-facing convenience layer over ported machinery, the fit(X, y) / predict shape callers actually hold -- the same standing as gbdt/estimator.mojo's row above. Everything UNDER it is the transliterated pipeline: borders from grid_creator.binarization (their GreedyLogSum, heap semantics included), device quantization through binarize_float_feature_kernel (their BinarizeFloatFeatureImpl, the same kernel their own predict quantizes with), the compressed index through their write layout rules, and doc_parallel_boosting.fit. ONE STATED DIFFERENCE FROM THEIR DEFAULT PIPELINE, recorded here because it is a real difference and not a port detail: their quantizer SUBSAMPLES large datasets before computing borders and this computes them from ALL rows -- same rule, more data, and binarization_check holds the border parity on the oracle fixture wherever theirs did not subsample
