# our_file	cuvs_file	status	notes
# STATUS VOCABULARY, added 2026-08-31. The tree had no definition of these words anywhere,
# which is how this column drifted; every relabel below carries its evidence in the notes.
#   transliterated  control flow, loop structure and arithmetic follow the upstream statement by
#                   statement. A reader could diff the two mentally. Syntax differs, program does not.
#   reimplemented   same algorithm and same observable semantics, materially different program: a
#                   different parallel decomposition, the host/device split moved, a reduction
#                   re-ordered or pinned, or an upstream cub/thrust/cuBLAS/raft call replaced by our
#                   own code.
#   partial         only some of the upstream file is present; the notes say what is missing.
#   no-upstream     nothing upstream corresponds to this file. Older rows still spell this
#                   `mojo-only` / `mojo_only`; those were not touched by this pass.
# cuVS pinned at 94c2819 (branch-25.08), checked out at
# ~/CascadeProjects/upstream/cuvs. `tools/check_upstream.sh <checkout> cluster`
# diffs each mapped source against a fresh checkout and reports which of ours
# need attention. Paths are relative to the cuVS repository root.
#
# Rows were re-verified against the checkout on 2026-08-19. Three of the
# previous rows named upstream files THAT DO NOT EXIST
# (minClusterDistanceCompute.cu, distance/unfused_distance_nn.cuh) and are
# corrected here.
#
# NOT RAFT. k-means used to live in rapidsai/raft and does not any more:
# RAFT 26.10 ships no cluster/ and no neighbors/, only primitives. The
# algorithms are in rapidsai/cuvs and the primitives they call are still
# RAFT's, which is why some rows below have no upstream file at all.
#   forced-by-definition -- the correspondence is DICTATED by the algorithm,
#                    not chosen. Parameter structs, enums, POD types, one-line
#                    forwarders, and mathematical predicates with exactly one
#                    correct form. A struct listing an algorithm's eleven
#                    hyperparameters must list those eleven; the SMO upper-set
#                    test has one right spelling. These files look identical to
#                    the upstream because nothing else would be CORRECT, which
#                    is not transliteration in any useful sense and must not be
#                    counted as evidence of it. Added 2026-08-31, when it turned
#                    out that nearly every row still labelled `transliterated`
#                    was one of these.
#   replaces-upstream -- THE UPSTREAM'S STEP WAS DELETED, NOT FOLLOWED. The
#                    file occupies an upstream file's slot and borrows its
#                    control plane, and its BODY is a different algorithm,
#                    stated in a numbered DEVIATION block in the file itself
#                    because PORTING_RULES.md rule 4 requires a replacement to
#                    live in the file it replaces so a reader can diff. These
#                    rows read `partial` or `transliterated` until 2026-08-31,
#                    which described the SLOT and not the CONTENT: a file whose
#                    own header says "there is no upstream GPU implementation
#                    of this formulation to be faithful to" is not a partial
#                    port of anything. Added when it turned out 31 files and
#                    34,945 lines were in that position.
impl/cluster/kmeans_params.mojo	cpp/include/cuvs/cluster/kmeans.hpp	forced-by-definition	struct params (:28-121) only; verbosity dropped, no logger here. inertia_check present and FALSE by default, as theirs || FORCED: a parameter struct
impl/cluster/kmeans.mojo	cpp/src/cluster/kmeans.cuh	replaces-upstream	fit, predict, fit_predict; no transform, no mdspan dispatch || REPLACES-UPSTREAM (was `partial`): this file's own header states the upstream has no counterpart for what it does; see its DEVIATION blocks
impl/cluster/detail/kmeans.mojo	cpp/src/cluster/detail/kmeans.cuh	replaces-upstream	initRandom, kmeansPlusPlus, initScalableKMeansPlusPlus (:568-785, the DEFAULT init; its vendor calls are named in checks/scalable_init.mojo, PORTING.md 47/48), kmeans_fit_main (:352-542) and the kmeans_fit restart driver (:811-951) flattened into one function. No multi-GPU, no kmeans_transform || REPLACES-UPSTREAM (was `partial`): this file's own header states the upstream has no counterpart for what it does; see its DEVIATION blocks
impl/cluster/detail/kmeans_common.mojo	cpp/src/cluster/detail/kmeans_common.cuh	partial	the decisions: is_fused (:378-379), the stopping rule (which lives inline in kmeans.cuh, not here), SamplingOp probability (:73-81), the sqrt flags
checks/scalable_init.mojo	cpp/src/cluster/detail/kmeans_common.cuh	replaced	the k-means|| vendor calls, named one by one: SamplingOp predicate (:73-81) as scalable_keep/sample_flags_kernel in f32 (no device f64 here), cub::DeviceSelect::If in sampleCentroids (:228-289) as flags + the existing 3-stage scan + select_scatter_kernel (exact below 2^24 rows, guarded), thrust::for_each_n flag update (:270-276) folded into the scatter, countLabels/cub::DeviceHistogram (:95-135) as count_labels_kernel with float counters as theirs; raft::random::uniform becomes a splitmix64 counter hash (PORTING.md 47)
impl/cluster/detail/min_cluster_distance_compute.mojo	cpp/src/cluster/detail/kmeans_common.cuh	partial	minClusterAndDistanceCompute (:360-493). Fused arm (:430-449) is the one their dispatch takes for L2Expanded and is the one wired; the pairwise arm (:450-491) is kept reachable for differential testing
impl/distance/fused_distance_nn/simt_kernel.mojo	cpp/src/distance/detail/fused_distance_nn/simt_kernel.cuh	partial+replaced	the SIMT fused kernel at their KernelPolicy (veclen 4/2/1 x normal/skinny, selection = fused_distance_nn-inl.cuh:102-233), Veclen ldg/sts/lds, strided ownership, load_norms, full l2_exp epilog incl. the self-neighbor guard. REPLACED: updateReducedVal's mutex (grid.x pinned 1); single smem page not their double buffer (PORTING.md 42); sqrt at the row write (PORTING.md 43)
impl/distance/unfused_distance_nn.mojo	cpp/src/cluster/detail/kmeans_common.cuh	partial	the non-fused arm, :450-491 (pairwise_distance_kmeans then coalescedReduction). NOT the path their dispatch takes for k-means
impl/python/cluster/kmeans/kmeans.mojo	python/cuvs/cuvs/cluster/kmeans/kmeans.pyx	replaces-upstream	the API SHAPE, not a binding. KMeansParams construction only (:98-129) || REPLACES-UPSTREAM (was `partial`): this file's own header states the upstream has no counterpart for what it does; see its DEVIATION blocks
