# our_file	upstream_file	status	notes
# STATUS VOCABULARY, added 2026-08-31. The tree had no definition of these words anywhere,
# which is how this column drifted; every relabel below carries its evidence in the notes.
#   transliterated  control flow, loop structure and arithmetic follow the upstream statement by
#                   statement. A reader could diff the two mentally. Syntax differs, program does not.
#   reimplemented   same algorithm and same observable semantics, materially different program: a
#                   different parallel decomposition, the host/device split moved, a reduction
#                   re-ordered or pinned, or an upstream cub/thrust/cuBLAS/raft call replaced by our
#                   own code.
#   partial         only some of the upstream file is present; the notes say what is missing.
#   no-upstream     nothing upstream corresponds to this file. Older rows still spell this
#                   `mojo-only` / `mojo_only`; those were not touched by this pass.
# cuML pinned at v26.08.00 = 265b9da (upstream/cuml-v26.08.00), RAFT at v26.08.00 = ebf9268 (upstream/raft-v26.08.00). Checked out 2026-08-23; every port in this directory was written from those files, not from memory.
# OPEN, FOUND 2026-08-31 BY A PIN AUDIT: THE PINS ABOVE ARE THE RIGHT TREES BUT TWO ROWS'
#   LINE NUMBERS RESOLVE AGAINST NEITHER CHECKOUT ON THIS MACHINE. Nothing below has been
#   renumbered, because the commit those numbers came from has not been identified and
#   guessing at a span is worse than flagging it.
#   1. impl/solver/cd.mojo, `cuml cpp/src/solver/cd.cuh`. Measured by grep and by
#      brace-matching in both cuML checkouts:
#                                  claimed   265b9da (pinned)   00094f7
#        cdUpdateCoefKernel         :51-68        60-75            72-...
#        cdFit                      :115-274     127-307          140-...
#        cdPredict                  :293-307     331-346          346-365
#      The claimed spans miss the pinned tree by 9, 12 and 38 lines and miss 25.08 by more.
#      The one thing that does land is the doc comment: 265b9da:51 is the `/**` opening
#      cdUpdateCoefKernel's block. The sample_weight arms (:136-163) overlap 265b9da's
#      156-162 but do not match it. What the row SAYS about the algorithm was not
#      contradicted by anything read here; only the numbers are unverifiable.
#   2. impl/linalg/coalesced_reduction.mojo, `raft .../coalesced_reduction-inl.cuh`.
#                                  claimed   ebf9268 (pinned)   661a3b8
#        KahanBabushkaNeumaierSum   :22-32        36               46
#        coalescedSumMediumKernel   :288-322     349              359
#        ...MediumDispatcher        :353         416              426
#      The offsets are -14, -61 and -63, i.e. not a constant, so this is not one older
#      commit read consistently. WHAT WOULD SETTLE BOTH: identify the commit each was read
#      against and fetch it, or re-derive the spans in the pinned checkouts and rewrite the
#      rows in one pass. Affected: the four `-inl.cuh:` citations in
#      impl/linalg/coalesced_reduction.mojo (:22-32, :288-322, :353, :480-483, :497) and
#      the cd.cuh spans in row `impl/solver/cd.mojo` and in impl/solver/cd.mojo itself.
#   forced-by-definition -- the correspondence is DICTATED by the algorithm,
#                    not chosen. Parameter structs, enums, POD types, one-line
#                    forwarders, and mathematical predicates with exactly one
#                    correct form. A struct listing an algorithm's eleven
#                    hyperparameters must list those eleven; the SMO upper-set
#                    test has one right spelling. These files look identical to
#                    the upstream because nothing else would be CORRECT, which
#                    is not transliteration in any useful sense and must not be
#                    counted as evidence of it. Added 2026-08-31, when it turned
#                    out that nearly every row still labelled `transliterated`
#                    was one of these.
impl/solver/cd.mojo	cuml cpp/src/solver/cd.cuh	partial	cdFit line for line (cd.cuh:126-307: guards, preProcessData, l1_alpha/l2_alpha, colNorm + addScalar, the five-operation coordinate step with DEVICE-pointer alphas, one host read per epoch, coefMax/diffMax stopping rule, postProcessData), cdUpdateCoefKernel (:51-75) transcribed, cdPredict (:330-346). sample_weight arms (:156-163, :180-195, :274-288), shuffle=true and loss != SQRD_LOSS REFUSED BY NAME. DEVIATION 610 (the identity construction) and the per-epoch card live here
impl/solver/shuffle.mojo	cuml cpp/src/solver/shuffle.h	partial	initShuffle (the identity permutation). shuffle (std::shuffle over std::mt19937(0)) NOT ported: the algorithm is unspecified by the standard; DEVIATION 611 reserved for an exact port, not spent
impl/solvers/params.mojo	cuml cpp/include/cuml/solvers/params.hpp	forced-by-definition	lr_type, loss_funct, penalty || FORCED: a parameter struct: the fields ARE the algorithm's hyperparameters, in the order the algorithm defines
../glm/impl/glm/preprocess.mojo (moved 2026-08-23)	cuml cpp/src/glm/preprocess.cuh	partial	preProcessData / postProcessData, unweighted arms, IN PLACE as theirs (the un-centering is not bitwise the original). HAND-OFF: belongs under glm/impl/glm/ (glm/NOT_IMPLEMENTED.tsv lists it NOT PORTED); the 26.08 file has no normalize arm
impl/functions/linear_reg.mojo	cuml cpp/src_prims/functions/linearReg.cuh	partial	linearRegH only (cuBLAS gemm: IDENTICAL = gemm.fp32.v1 OP_TN, FAST = device transpose + gemv_gpu; addScalar one thread per row). linearRegLossGrads and penalty.cuh are the SGD solver's
impl/linalg/coalesced_reduction.mojo	raft cpp/include/raft/linalg/detail/coalesced_reduction-inl.cuh	partial	coalescedSumMediumKernel<256> (-inl.cuh:343-379) with KahanBabushkaNeumaierSum (:35-45) per thread and two BlockReduce.Sum (block.sum); the FAST arm of colNorm and mean at EVERY shape. Thin, Thick and the numSMs dispatch (:602-612) NOT ported. A comptime assert keeps it out of the IDENTICAL build
impl/linalg/norm.mojo	raft cpp/include/raft/linalg/detail/norm.cuh	partial	colNormCaller<L2Norm, rowMajor=false> (sq_op, add_op, identity fin_op): a sum of squares, no sqrt. IDENTICAL = one gemm.fp32.v1 cell per column (the column against itself); FAST = the Medium kernel
impl/stats/mean.mojo	raft cpp/include/raft/stats/detail/mean.cuh, mean_center.cuh	partial	mean<rowMajor=false> = coalescedReduction sum times ratio = 1/N (a host float, a multiply); meanCenter/meanAdd<false, true> = matrixVectorOp sub/add along columns, one thread per cell. IDENTICAL = the profile dot against ones then ftz(sum * ratio) on device
impl/linalg/axpy.mojo	raft cpp/include/raft/linalg/detail/axpy.cuh	partial	axpy<T, DevicePointerMode=true>: cuBLAS (CLOSED), MAX has no axpy; mirror = one thread per row reading alpha from device memory as their pointer mode does. incx = incy = 1 only
checks/profile_dot.mojo	none	mojo-only	DEVIATION 610: every n_rows reduction under IDENTICAL is the mojolearn.identical.gemm.fp32.v1 OP_NT cell at 1 x 1 x n_rows, CALLED through gemm/checks/gemm_identical.mojo::identical_gemm_with_plan; host side through gemm_oracle_cell. No fold is spelled here
checks/cd_oracle.mojo	none	mojo-only	the host oracle (device arithmetic, serial), the whole-row serial variant, the Float64 reference, the hashed fixtures, the NO_FTZ_RESID sabotage switch
checks/record_canon.mojo	none	mojo-only	DEVIATION 612: every float stage of the card is hashed through a NaN-canonicalized COPY (0x7FC00000, IDENTITY_PATHS row 39 FACT 2); the NO_NAN_CANON sabotage switch
checks/cd_check.mojo	none	mojo-only	DEVIATION 610's gates, the row 39 signed-zero and NaN-payload gates; seven sabotages recorded in its header and in README.md
cd_main.mojo	none	mojo-only	the driver and the identity card (cd.* stages)
