# our_file	upstream_file	upstream	status	notes
# STATUS VOCABULARY, added 2026-08-31 -- the same four words every other lane map in this tree
# now uses. This map was deliberately LEFT OUT of that pass, because its status column spoke a
# different language (`ported` / `device` / `original` / `original-class` / `partial`) and pasting
# the four definitions onto it would have been the exact inaccuracy the pass exists to remove.
# Every row below was then re-judged AGAINST THE FILES -- ours opened beside the upstream it names
# -- and not translated word for word. Every row whose status changed carries its deciding
# evidence in the notes, with a line number on both sides.
#   transliterated  control flow, loop structure and arithmetic follow the upstream statement by
#                   statement. A reader could diff the two mentally. Syntax differs, program does not.
#   reimplemented   same algorithm and same observable semantics, materially different program: a
#                   different parallel decomposition, the host/device split moved, a reduction
#                   re-ordered or pinned, or an upstream cub/thrust/cuBLAS/raft call replaced by our
#                   own code.
#   partial         only some of the upstream file is present; the notes say what is missing.
#   no-upstream     nothing upstream corresponds to this file.
#
# WHERE THE FIVE OLD WORDS WENT. None of them was a straight rename.
#   `ported` (10 rows)  RETIRED, and it is the word this whole exercise exists to delete: it was
#                       carrying `transliterated` and `reimplemented` at once and could not tell
#                       them apart. Re-read one at a time, the ten split 5 transliterated /
#                       2 reimplemented / 3 partial.
#   `device` (2 rows)   MEANT: a GPU kernel of OURS occupying an upstream kernel's slot -- cuML's
#                       control plane transcribed around a body that is not cuML's. Both rows are
#                       the two halves of DEVIATION 137's replacement for `computeSplitKernel`;
#                       what they share with cuML is `:236-244`'s `WorkloadInfo` flattening, the
#                       `blockIdx.y == feature` grid and the strided row loop, and what they do
#                       NOT share is the body (theirs bins into a shared histogram, ours keeps
#                       registers against one drawn threshold). Both are now `reimplemented`,
#                       measured against the sklearn/paper formulation they actually implement,
#                       with the cuML slot they occupy still named in column 2. The word said
#                       WHERE THE CODE RUNS, which is not a derivation fact at all; host/device
#                       placement is now a sentence in the notes where it matters.
#   `original` (1)      -> `no-upstream`, checked rather than assumed: see the row.
#   `original-class` (1)-> `no-upstream`, likewise, and the row records the one place a sklearn
#                       RULE (not file) is reimplemented inside it, so the label is not read as
#                       "nothing here came from anywhere".
#   `partial` (3 rows)  survives with the same meaning and the same three rows. Their NOTES were
#                       wrong in two places and are corrected, per the fix-docs-on-discovery rule.
#
# HOW `partial` INTERACTS WITH THE OTHER TWO WORDS, stated because the four are not one axis.
# Presence and character are independent. The rule used here, which is the one
# `ensemble/DERIVATION_MAP.tsv` sets by example: a row is `partial` when ALGORITHM CONTENT of the
# cited upstream is absent, and its notes then ALSO say whether what IS present is a transcription
# or a reimplementation. A missing debug printer or a mechanical helper does not make a row
# partial -- ensemble's `split.mojo` row is `transliterated` with `printSplits` named in its notes,
# and this map's `split.mojo` row is the same case.
#
# FIVE COLUMNS, KEPT. This map has `our_file / upstream_file / upstream / status / notes` where the
# other lane maps have four. The extra column is NOT redundant formatting and is not flattened here:
#   * it carries real per-row information. This lane has FOUR upstreams, not one -- cuML for the
#     builder shape, RAFT for the generator, scikit-learn for the split arithmetic, and the Geurts,
#     Ernst & Wehenkel 2006 paper for the formulation itself -- and the column varies row to row
#     (`cuML`, `RAFT`, `scikit-learn`, `cuML+sklearn`, `-`). A four-column map would have to guess.
#   * the four-column maps do NOT drop this information, they FUSE it: `ensemble/DERIVATION_MAP.tsv`
#     writes it as a bare token prefix inside column 2 (`cuml cpp/include/cuml/tree/flatnode.h`).
#     That works while a row has one upstream and one path. Several rows here join two paths from
#     two different repository roots with ` + `, and a prefix cannot be parsed back out of that.
#   * so flattening would be lossy, and uniformity is not the goal here; an accurate table is.
#   A reader or a script wanting the four-column shape gets it by joining columns 3 and 2.
#
# PINS. Paths in column 2 are relative to each upstream repository's root.
# cuML pinned at 00094f7e4e4b5da3a968d193a4da6085fa38f11b (branch-25.08) at
#   ~/CascadeProjects/upstream/cuml. THIS LANE IS ON A DIFFERENT cuML PIN FROM ITS SIBLINGS and the
#   line numbers below only resolve against that one: `ensemble/`, `metrics/` and `neighbors/` cite
#   v26.08.00 (265b9da6) at ~/CascadeProjects/upstream/cuml-v26.08.00, where `dataset.h:22` is
#   `const double* sample_weight` and `split.cuh` carries `detail::CountLeft` and
#   `select_split_range_midpoint`, none of which exist at 00094f7 and none of which appear below.
#   Re-pinning this lane is a real piece of work, not a header edit; it is recorded here as an OPEN
#   item rather than papered over.
# RAFT pinned at 661a3b840c3300f95f053812a560c952c9d049a4 (branch-25.08) at
#   ~/CascadeProjects/upstream/raft.
# scikit-learn pinned at tag 1.9.0 (77def0e) at ~/CascadeProjects/upstream/scikit-learn;
#   byte-identical to the .pyx shipped in this repo's `bench` pixi env (diffed 2026-08-21).
# `paper` where it appears means Geurts, Ernst & Wehenkel 2006, "Extremely randomized trees",
#   which has no repository and therefore no line numbers.
#
# DIRECTORY RENAME: cuML's `batched-levelalgo` becomes `batched_levelalgo` here,
#   because a Mojo package directory cannot contain a dash. Same reason
#   `cuda_lib` became `gpu_lib` in gbdt/: the name is mechanical, not semantic.
#
# EVERY .mojo FILE IN THIS LANE IS ACCOUNTED FOR. 61 files. 13 are rows below (12 files plus four
# sub-symbol rows on two of them). The other 48 are named here rather than given rows, because
# every one of them would be `no-upstream` and 48 identical rows would bury the 13 that carry a
# derivation. THIS LIST IS PART OF THE MAP: a file in neither place has not been looked at.
#   6 package markers, two comment lines each, no code:
#     __init__.mojo, derived/__init__.mojo, derived/decisiontree/__init__.mojo,
#     derived/decisiontree/batched_levelalgo/__init__.mojo,
#     derived/decisiontree/batched_levelalgo/kernels/__init__.mojo,
#     derived/randomforest/__init__.mojo
#   8 in bench/, harnesses: __init__.mojo, batched_ab.mojo, batchwidth_ab.mojo, bench_data.mojo,
#     fit_once.mojo, node2_probe.mojo, scale_determinism_probe.mojo, sklearn_interleaved.mojo
#   34 in original/ beyond the three that DO have upstreams and are rows below. Our own check,
#     probe, fixture and oracle-comparison code: __init__.mojo, builder_check.mojo,
#     device_batched_check.mojo, device_forest_check.mojo, device_regression_check.mojo,
#     device_tree_check.mojo, estimator_check.mojo, feature_sampler_check.mojo,
#     fixed_point_check.mojo, fixture_parity_check.mojo, fixtures.mojo, fixtures_check.mojo,
#     flatnode_check.mojo, forest_check.mojo, host_splitter_check.mojo, leaf_check.mojo,
#     objectives_check.mojo, params_check.mojo, partition_check.mojo,
#     partition_leaf_kernel_check.mojo, partition_multiblock_check.mojo, pcg_rng_check.mojo,
#     quality_band_check.mojo, range_draw_check.mojo, range_kernel_check.mojo,
#     regression_score_check.mojo, rescue.mojo, rescue_check.mojo, sampler_kernel_check.mojo,
#     score_kernel_check.mojo, split_check.mojo, split_reduce_check.mojo, tree_check.mojo
#   tools/ holds no .mojo at all -- rng_oracle/ is C++ and the sklearn reference is Python.
# NOTE THAT original/ IS NOT UNIFORMLY OURS. Three of its files are ports and are rows below:
#   pcg_rng.mojo (RAFT + cuML), host_splitter.mojo (scikit-learn) and fixed_point.mojo (no
#   upstream, and that is the checked finding, not an assumption). The directory name says where
#   the file sits in this lane's layout, never what its derivation is.
#
# PORTED IS OURS. These files MIRROR upstream; the derivative-work language lives in NOTICE.
extratrees/derived/decisiontree/batched_levelalgo/split.mojo	cpp/src/decisiontree/batched-levelalgo/split.cuh:30-172	cuML	reimplemented	WAS `ported`. `Split` and `update` ARE a transcription -- our `split.mojo:105-121` is their `split.cuh:77-91` branch for branch, `if (other.best_metric_val > best_metric_val)` then `other.colid > colid` then `other.quesval > quesval`, and the shipping reduction CALLS it rather than transcribing it twice. THE FILE IS STILL NOT A TRANSCRIPTION, because the reduction around it is a different program, and that is what decided the label: (a) theirs reduces a 16-byte `Split` -- `warpReduce`, `split.cuh:98-104`, shuffles exactly `quesval`, `colid`, `best_metric_val`, `nLeft`; ours (`split_warp_reduce`, `split.mojo:783`) reduces a 36-byte `SplitExact` = those four fields PLUS an `ExactKey(num, den, valid)`, and compares on the Int128 cross-multiply FIRST with `Split.update` demoted to its tie-break (DEVIATION 166). (b) their source lane is `auto id = lane + i` at the compile-time constant `raft::WarpSize` (`:99-101`); ours is `warp.shuffle_xor` at the QUERIED `WARP_SIZE`, 32 on NVIDIA and Apple and 64 on AMD CDNA (DEVIATION 168) -- identical to theirs for lane 0 only. (c) their publish is `while (atomicCAS(mutex, 0, 1));` plus `__threadfence()` (`split.cuh:139-151`); `threadfence` is comptime-asserted NVIDIA-only in Mojo 1.0 and Metal rejects a strong compare-exchange by name, so ours is the repository's portable spin mutex (DEVIATION 169a). (d) DEVIATION 463 moves the SHIPPING tie order off `update`'s max-colid arm onto a keyed pseudorandom rank, because max-colid was measured to be a systematic bias toward high column ids on covtype; `Split.update` itself is untouched and the old order stays reachable via MOJOLEARN_ET_TIE_MAX_COLID. NOT `partial`: `initSplit` (`:167-172`) is here as `split_reduce_init_kernel` (`split.mojo:829`) and only `printSplits` (`:174-186`), a debug dump, is absent. Deviations 166-169, 194, 463. **OPEN ITEM FOR THIS FILE'S OWNER, not fixable from here: `split.mojo:33-37` still says this map's row scopes the file to `split.cuh:32-90` and that `NOT_IMPLEMENTED.tsv:15` lists warpReduce/evalBestSplit as 'not yet'. Both sentences are false -- this row covers the reduction and NOT_IMPLEMENTED.tsv has no such line.**
extratrees/derived/decisiontree/batched_levelalgo/dataset.mojo	cpp/src/decisiontree/batched-levelalgo/dataset.h:21-39	cuML	transliterated	WAS `ported`. Field for field and in their order: their eight members at `dataset.h:22-38` (`data`, `labels`, `M`, `N`, `n_sampled_rows`, `n_sampled_cols`, `row_ids`, `num_outputs`) are our eight at `dataset.mojo:29-58`, their names kept, and their `IdxT` is `int` in every instantiation so ours is `Int32`. Nothing is dropped and nothing is added but two accessors, `value()` and `label()` (`dataset.mojo:60-65`), which inline the expression their kernels write at the call site: `data[col * M + row]`, honouring the `assumed to be col-major` their own comment states at `dataset.h:24`. NOTE THE PIN: this is the 25.08 struct. The v26.08.00 `dataset.h` that `ensemble/` mirrors also carries `sample_weight`, `row_stride` and `col_stride`, which do not exist at 00094f7, which is why this file has no stride fields and no DEVIATION saying it dropped any.
extratrees/derived/decisiontree/batched_levelalgo/objectives.mojo	cpp/src/decisiontree/batched-levelalgo/objectives.cuh + cpp/src/decisiontree/batched-levelalgo/bins.cuh + sklearn/tree/_criterion.pyx	cuML+sklearn	partial	WAS `ported`. PARTIAL ON SCOPE: three of their six criteria are absent -- Poisson (`objectives.cuh:267-346`), Gamma (`:348-424`) and InverseGaussian (`:426-502`), each already a row in NOT_IMPLEMENTED.tsv -- and their `Gain` (`:85-96`) has no counterpart at all because it is the loop over the bin dimension this lane deletes. Gini, Entropy (DEVIATION 459) and MSE are present. AND WHAT IS PRESENT IS REIMPLEMENTED, NOT TRANSCRIBED, which is why the retired word `ported` was wrong twice over: (a) every objective of theirs takes `(BinT* hist, IdxT i, IdxT n_bins, IdxT len, IdxT nLeft)` over a prefix-summed histogram indexed `n_bins * class + b` (`objectives.cuh:52`, and `:72-73` recovers the right child as total minus left); ours takes `(BinT* hist_left, BinT* hist_total, IdxT len, IdxT n_left)` -- `i` and `n_bins` are GONE, DEVIATION 143. (b) cuML's reduction key is one `DataT` float; for classification ours is an exact rational in integers, numerator `sq_L*nR + sq_R*nL` over `nL*nR`, ordered by Int128 cross-multiplication (DEVIATIONS 144/145), because two candidates whose exact proxies differ can round to the same Float32 and then `Split::update` picks by FEATURE INDEX. (c) the ARITHMETIC inside the float forms is sklearn's, not cuML's, transcribed in sklearn's order of operations with no algebraic simplification -- `_criterion.pyx:147-163` for the proxy, `:622-687` for Gini, `:548-602` for Entropy, `:928-1017` for MSE -- and cuML's `GainPerSplit` is kept beside it for REPORTING and for feature_importances_. Their two quantities are not the same one: cuML's is the impurity DECREASE, sklearn's proxy drops the parent term and the 1/n scale. cuML supplies SHAPE and NAMES (`GainPerSplit`, `SetLeafVector`, `NumClasses`, `CountBin`, `AggregateBin`) and `bins.cuh:22-74` supplies the two bin types. **OPEN ITEM FOR THIS FILE'S OWNER: `objectives.mojo:184-186` says `sample_weight` is not listed in NOT_IMPLEMENTED.tsv and should be. It has been listed since that file was written -- `sklearn/tree/_criterion.pyx::sample_weight`, row 8. The paragraph is stale.**
extratrees/derived/decisiontree/batched_levelalgo/builder.mojo	cpp/src/decisiontree/batched-levelalgo/builder.cuh:44-135,:253-262,:344-359,:556-599	cuML	partial	Status unchanged; NOTES CORRECTED, because the old ones (`NodeQueue + SetLeafPredictions; Builder's device half unported`) were contradicted by the file. TRANSCRIBED: all of `NodeQueue` (`builder.cuh:53-134` -> `builder.mojo:153-377`, their `std::deque` becoming a `List` plus a head cursor because its only two operations are push-back and pop-front), `max_nodes` (`:253-262`), and `SetLeafPredictions` (`:556-599`) with the `leafKernel` it launches -- including their two load-bearing details, that `vector_leaf` is sized `sparsetree.size() * num_outputs` and zeroed so an internal node keeps zeros, and that a leaf's rows are read through `row_ids` over the node's own `InstanceRange` rather than a contiguous range, which is what their own assert at `:562-563` is protecting. THE DEVICE HALF IS NOT UNPORTED: `train_classification_device` (`:1232`), `train_forest_classification_device` (`:2337`), the regression pair (`:3415`, `:3451`) and the `LevelWorkspace` allocator (`:1354`) are all here and wired. WHAT IS ACTUALLY ABSENT is their `Builder`'s own device-side plumbing -- `allReduceHistograms`, `packedHistogramWorkspaceSize` and the distributed flag (multi-GPU only), and `MLCommon::TimerCPU`/`tree->train_time` (`:377`, `:387`), declined as DEVIATION 303. AND THE DRIVER THAT REPLACED IT IS NOT THEIR SHAPE: DEVIATION 211 makes the frontier batch SPAN TREES (one level cycle pops work from every tree's queue into one launch, tree id riding per item) where cuML overlaps trees with `#pragma omp parallel for num_threads(n_streams)` over CUDA streams (`randomforest.cuh:336-341`) -- Metal has no streams, so their mechanism could not be transcribed. Deviations 182-184, 200-202, 211, 303.
extratrees/derived/decisiontree/batched_levelalgo/kernels/builder_kernels.mojo	cpp/src/decisiontree/batched-levelalgo/kernels/builder_kernels.cuh:31-67,:152-248,:268-316	cuML	reimplemented	WAS `ported`. The four structs are transcribed (`InstanceRange` `:34-37`, `NodeWorkItem` `:39-43`, `WorkloadInfo` `:49-57`, `split_not_valid` `:59-67`), but THE SAMPLERS ARE THE FILE and they are not a transcription: DEVIATION 157 replaces all three of their CUB block-wide collectives with our own code -- `cub::BlockRadixSort::Sort` (`:210`, `:224`), `cub::BlockAdjacentDifference::SubtractLeft` (`:212`, `:231-232`) and `cub::BlockScan::ExclusiveSum` (`:214`, `:237`), sharing one union of temp storage with a `__syncthreads()` between each, become a flat `List` in their blocked arrangement with Mojo's `sort`, a descending loop mirroring CUB's own write order, and the running prefix an exclusive sum is defined to be; their compile-time `BLOCK_THREADS`/`MAX_SAMPLES_PER_THREAD` become ARGUMENTS. That is the definition's own example of `reimplemented`. TWO cuML BUGS ARE ALSO FIXED HERE RATHER THAN COPIED, so the output is not theirs either: `:231-232` passes `mask[0]` -- a 0 or 1 flag -- as the tile predecessor to SubtractLeft, so the block minimum is flagged a duplicate whenever it equals the previous iteration's flag (measured before the fix: at k=1, column 0 drawn 0 times of 64 at n = 2, 3, 4 and 8 -- never drawn, DEVIATION 164); and `:201-203` sets slots past `n_parallel_samples` to `n - 1` so a non-drawing slot votes anyway (measured: column n-1 chosen 662 times against 512 expected, DEVIATION 165). NOT ALL OF THEIR FILE IS HERE, and none of the three is a silent gap: `lower_bound` (`:115-133`) is a quantile lookup and there are no quantiles in this directory; `adaptive_sample_kernel` (`:318-347`) is dead code in cuML at 00094f7 and is a NOT_IMPLEMENTED.tsv row; `alignPointer` (`:60-64`) is unnecessary because Mojo's stack_allocation is typed and aligned per allocation. `fnv1a32` (`:100-113`) is not absent, it moved to original/pcg_rng.mojo with RAFT's generator. Device sampler kernels (`:1265`, `:1574`, `:1656`) are OURS, added, with no counterpart in their header. Deviations 156-158, 164, 165.
extratrees/derived/decisiontree/batched_levelalgo/kernels/builder_kernels.mojo::plan_feature_sampling	cpp/src/decisiontree/batched-levelalgo/builder.cuh:398-471	cuML	transliterated	WAS `ported`. Their dispatch, branch for branch and constant for constant: the `block_threads = 128` / `max_samples_per_thread = 72` pair (`:401-402`), the `max_samples_per_thread * block_threads >= n_parallel_samples` outer test, the `n_parallel_samples <= block_threads` inner test that picks between the 1-sample and 72-sample excess instantiations, and the algo-L fall through (`:459-469`). `n_parallel_samples_libm` is `:419-421` verbatim including its TYPES, which decide the answer -- both logs in DOUBLE, and their `1 - 1.f/double(N)` is `1.0 - 1.0/double(N)` because the `1.f` converts before the divide, so a float32 rounding there would move the ratio. TWO DEPARTURES, both named rather than hidden, neither large enough to make the file a different program: DEVIATION 156 adds a third arm, SAMPLE_ALL_FEATURES, which materializes `0..k-1` where their caller-side guard `if (dataset.n_sampled_cols != dataset.N)` (`:399`) simply does not launch and leaves `colids` holding the previous batch -- the candidate column set is identical either way, theirs implicitly and ours written down. DEVIATION 457 makes the dispatch VALUE mode-gated: under FAST it is the libm arm bit for bit, under IDENTICAL both logs go through `portable_logf` in Float32 so every host computes one count, and at large n that count sits a few below the libm one -- at (n=20000, k=7385) fast gives 9217 and takes algo-L where portable gives 9216 and takes excess. Either sampler is a correct draw of k distinct columns, so this moves WHICH KERNEL, never correctness. `n == k` is UNDEFINED in their arithmetic (`log(0)/...` is `+inf`, and the conversion to `IdxT` is UB); their `:399` guard is why they never reach it and this function takes the same guard first.
extratrees/derived/decisiontree/batched_levelalgo/kernels/builder_kernels_impl.mojo	cpp/src/decisiontree/batched-levelalgo/kernels/builder_kernels_impl.cuh:43-88,:89-134,:391-417	cuML	partial	Status unchanged; NOTES CORRECTED, the old ones (`partitionSamples ported; computeSplitKernel REPLACED`) having gone stale in both directions. TRANSCRIBED: `partitionSamples` (`:43-88`) as `partition_samples` (`:99`), deliberately as a HOST function with the block size and thread loop made explicit -- it is the oracle the device kernel is checked against, and their algorithm is deterministic given the block size, so it produces the device form's exact `row_ids` ORDER and not merely an equivalent partition. ALSO NOW HERE AND NOT IN THE OLD NOTE: `node_split_kernel` (`:3425`), their `nodeSplitKernel` (`:89-107`, launched `:124-125`), and `leaf_kernel` (`:3796`) with `leaf_values_host` as its oracle, their `leafKernel` (`:391-417`). STILL ABSENT: `computeSplitKernel` (`:216-340`), REPLACED rather than ported, which is DEVIATION 137 -- their six steps (load quantile borders to shared, `lower_bound` each value into a bin, atomically merge large-node partials, PDF->CDF, score every bin border, `evalBestSplit`) become five (range pass, constant test, ONE keyed threshold draw, score pass, and their `evalBestSplit` unchanged). The replacement is this file's own two `node_feature_*_kernel` rows below. Their step 6 is the only one kept. **OPEN ITEM FOR THIS FILE'S OWNER: the docstring at `:24-26` still says `nodeSplitKernel` is not ported. It is, at `:3425`.** Deviations 137, 160-163, 170-177.
extratrees/derived/decisiontree/flatnode.mojo	cpp/include/cuml/tree/flatnode.h:33-77 + cpp/include/cuml/tree/decisiontree.hpp:101-109 + cpp/src/decisiontree/decisiontree.cuh:359-413 + cpp/src/randomforest/randomforest.cuh:243-253	cuML	transliterated	WAS `ported`, and the file says the word itself at `flatnode.mojo:6`: `Transliterated. Do not improve.` Checked, not taken on trust: their whole 66-line `SparseTreeNode` is here -- five private fields (`:36-40`), the private constructor (`:41-49`), seven accessors (`:52-57`), both static factories (`:59-68`), `IsLeaf` (`:69`) and `operator==` (`:70-76`) -- plus `TreeMetaDataNode` and the predict traversal, `decisiontree.cuh:394-413`. Three facts are transcribed rather than recalled and each is load-bearing: a node is a leaf iff `left_child_id == -1` and not by a flag; `RightChildId()` is `left_child_id + 1` (`flatnode.h:56`), so children are an ADJACENT PAIR and any other allocation order is silently mis-read; and `x <= quesval` goes LEFT, corroborated at four independent sites (`decisiontree.cuh:403-404`, their treelite export writing `kLE` at `:214-215`, and sklearn's `_partitioner.pyx:238`, `:272`, `:488`) -- cuML and sklearn agree and no deviation was needed. ADDED, not upstream: a per-field pointer reader for each field (`ColumnIdAt`, `QueryValueAt`, ...), because a whole-struct load inside a Metal kernel kills the compiler. DROPPED: `train_time`, with `get_tree_summary_text`/`get_tree_json` (`decisiontree.hpp:119`, `:139`) named as its price at `flatnode.mojo:301-304` -- now also a NOT_IMPLEMENTED.tsv row, which it should have been already.
extratrees/derived/decisiontree/decisiontree.mojo	cpp/include/cuml/tree/decisiontree.hpp:29-99 + cpp/include/cuml/tree/algo_helper.h:20-29 + cpp/src/decisiontree/decisiontree.cu:27-45	cuML	partial	WAS `ported`. What is here IS a transcription -- the `CRITERION` enum in their order so the integers match (`algo_helper.h:20-29`), the `DecisionTreeParams` fields, `set_tree_params`'s default arguments, and `validity_check` branch for branch including the one their own header contradicts: `decisiontree.hpp:31` documents `max_depth = -1` as unlimited and their `validity_check` then asserts `params.max_depth >= 0` (`decisiontree.cu:29`), so this port takes THE BRANCH and not the comment. BUT THE UPSTREAM IT NAMES IS NOT ALL PRESENT, which is the relabel: `max_n_bins` (`decisiontree.hpp:41`, default 128, validated to (0,1024] at `decisiontree.cu:36-38`) is REFUSED BY NAME and is not a field here, DEVIATION 138, because there are no bins in this directory; `get_tree_summary_text` / `get_tree_text` / `get_tree_json` (`decisiontree.hpp:119`, `:129`, `:139`) are not ported and now have their own NOT_IMPLEMENTED.tsv row; and `TreeMetaDataNode` (`:101-109`), which is in this header, lives in `flatnode.mojo` and is that row's, not this one's.
extratrees/original/pcg_rng.mojo	cpp/include/raft/random/detail/rng_device.cuh:546-683,:173-230 + cpp/include/raft/util/integer_utils.hpp:207-237 + (cuML) cpp/src/decisiontree/batched-levelalgo/kernels/builder_kernels.cuh:100-113,:165-176	RAFT+cuML	transliterated	WAS `ported`. The file states the standard and the standard is met: `Every arithmetic line below is a transcription of an upstream, pinned` (`pcg_rng.mojo:11`), and it then gives the mapping one function at a time -- `skipahead` `rng_device.cuh:576-593`, `next_u32` `:599-608`, `next_u64` `:609-617`, `next_i32` `:619-626`, `next_i64` `:628-635`, `next_float` `:637-643`, `next_double` `:645-651`, `_init_pcg` `:671-680`, and the three `custom_next` overloads at `:173-183`, `:185-206`, `:208-230` -- plus `wmul_64bit` from `integer_utils.hpp:207-237` and cuML's `fnv1a32_prime` / `fnv1a32_basis` / `fnv1a32` (`builder_kernels.cuh:100-113`) with the `(threadIdx.x, treeid, nodeid)` key chain their own sampler builds at `:165-176`. Held cell for cell against the upstreams' own compiled output by `original/pcg_rng_check.mojo` against `tools/rng_oracle/pcg_reference.txt`. NOT `no-upstream` despite living in `original/`: this is a RAFT primitive plus four lines of cuML glue, and the directory name is a layout fact, not a derivation fact. `key_for`, `SplitKey`, `uniform_threshold` and `row_sample_seed` at the bottom of the file ARE ours and the file marks them as such; they are this lane's four-component key, not cuML's three-component one.
extratrees/original/fixed_point.mojo	(none)	-	no-upstream	WAS `original`. Checked rather than assumed, because `no-upstream` is a claim about the whole of upstream and not about one file. cuML's counterpart accumulator is a `double` summed with `atomicAdd(double*)` (`bins.cuh`), and sklearn's is `float64_t[::1]` in `_criterion.pyx`: both are the thing this file EXISTS BECAUSE WE CANNOT HAVE, since there is no float64 on device here. Neither is a counterpart to port -- there is no upstream scale, no upstream snap-to-power-of-two, and no upstream whole-dataset magnitude bound. Its actual ancestor is INTERNAL, the repository root's own `original/fixed_point.mojo` written for the GBDT learner, three of whose four ideas are taken unchanged with their reasoning. DEVIATION 135 is the ruling.
extratrees/original/host_splitter.mojo	sklearn/tree/_splitter.pyx:507-731	scikit-learn	partial	WAS `ported`. WHAT IS PRESENT IS A STRAIGHT TRANSCRIPTION and is labelled as one: the file carries a branch-by-branch table citing the sklearn line each branch came from (`:560` `_init_split`, `:605` pick the feature, `:607-611` `find_min_max`, `:613-626` the constant test and skip, `:632-637` `rand_uniform`, `:653-654` the `== max -> min` guard, `:661-666` the n_left/n_right and min_samples_leaf tests, `:691` the proxy, `:712-721` children impurity), in their order. PARTIAL BECAUSE FOUR OF THEIR BRANCHES ARE NOT HERE, and each absence is a decision with a number: `:672-677` min_weight_leaf and `:679-689` monotonic_cst are unported (DEVIATION 154, refused by name at the estimator, and both now NOT_IMPLEMENTED.tsv rows); `:630`, `:639-651` and `:694-700` are the missing-value/`missing_go_to_left` machinery, where a NaN is an ERROR here rather than a coin flip (DEVIATION 136); and `:656-659` / `:705-710`, their two partition calls, are replaced by a COUNT here with the caller partitioning the winner once (DEVIATION 152). One further difference that is not an absence: the draw is keyed on `(seed, tree_id, node_id, feature_id)` rather than taken from their sequential `our_rand_r` stream (DEVIATION 130), because a parallel builder has no `first`. Deviations 130-136, 151-154.
extratrees/derived/randomforest/randomforest.mojo	cpp/src/randomforest/randomforest.cuh:50-90,:155-195,:223-256	cuML	partial	Status unchanged. Both `get_row_sample` arms are here since DEVIATION 460 -- the `:68-70` `thrust::sequence` branch that `bootstrap=False` (sklearn's ExtraTrees default) takes, and the `:64-67` with-replacement draw through the RF lane's Philox port, seeded by the same `(seed, tree_id)` fnv1a32 chain their `:59-62` uses. `error_checking` (`:74-90`) and the tree loop (`:155-195`) are transcribed, and the prediction is kept as their ACCUMULATION -- their `predict` (`:229-242`) declares `row_prediction(num_outputs)` inside the row loop, `+=` per tree, divide by n_trees at the end, which is why `flatnode.mojo` ports the accumulating form and this file must not reach for the zeroing wrapper (DEVIATION 147). ABSENT: `RowSampler::store_bootstrap_mask` (`:170-183`) and with it OOB scoring, a NOT_IMPLEMENTED.tsv row and refused by name at the estimator. ONE SHAPE DIFFERENCE WORTH THE LINE: their `row_ids` buffer is per-STREAM (`selected_rows[stream_id]`, `:169`), ours is per TREE, because `train_*` partitions it in place and Metal has no streams.
extratrees/derived/decisiontree/batched_levelalgo/kernels/builder_kernels_impl.mojo::node_feature_range_kernel	cpp/src/decisiontree/batched-levelalgo/kernels/builder_kernels_impl.cuh:236-291 (control plane) + sklearn/tree/_partitioner.pyx:129-165 (find_min_max)	cuML+sklearn	reimplemented	WAS `device`, which named where the code RUNS and not how it was derived; see the header for what that word turned out to mean. THE FIRST ENQUEUED KERNEL, and step 1 of DEVIATION 137. THEIR CONTROL PLANE IS TRANSCRIBED: the `WorkloadInfo` flattening, the `blockIdx.y == feature` grid shape, the `colids` lookup and the strided row loop are `builder_kernels_impl.cuh:236-291`, and `block_idx.x` indexes `workload_info` and NOT the node, exactly as theirs does, so a large node owns several consecutive entries. THEIR BODY IS NOT: at `:288-291` each thread does `IdxT start = lower_bound(shared_quantiles, n_bins, data); BinT::IncrementHistogram(...)`, and ours keeps three registers -- min, max, NaN count -- reduced by `max.gpu.primitives.block`, with the shared memory their `extern __shared__ char smem[]` (`:235`) needs for the histogram, the borders and the done flag deleted rather than made cheaper. The algorithm it implements is sklearn's `find_min_max` (`_partitioner.pyx:129-165`) and through it the Geurts paper, not cuML's histogram search, so `reimplemented` is stated against THAT upstream: measured against cuML it is not the same algorithm at all, which is what DEVIATION 137 is. One transcription detail that is a portability fix, not a rewrite: their `WorkloadInfo<IdxT> workload_info_cta = workload_info[blockIdx.x]` (`:238`) is a whole-struct load, which kills the Metal compiler, so ours reads the same fields one at a time through the pointer (DEVIATION 162). The answer is order-independent by construction -- min and max select an input and return it unchanged, so no regrouping can round -- which is why its check compares `.to_bits()` with no tolerance. Deviations 160-163.
extratrees/derived/decisiontree/batched_levelalgo/kernels/builder_kernels_impl.mojo::build_workload_info	cpp/src/decisiontree/batched-levelalgo/builder.cuh:365-385	cuML	transliterated	WAS `ported`. Statement for statement, and the two easy-to-lose details are both kept. Theirs (`:370-382`): `n_blocks_per_node = max(ceildiv(item.instances.count, TPB_DEFAULT), 1); if (n_blocks_per_node > 1) ++n_large_nodes; for (b...) h_workload_info[n_blocks_dimx + b] = {int(i), n_large_nodes - 1, b, n_blocks_per_node}; n_blocks_dimx += n_blocks_per_node;`. Ours (`builder_kernels_impl.mojo:1087-1105`) is the same five statements in the same order. DETAIL ONE: `n_large_nodes - 1` is evaluated AFTER the increment, so a small node inherits the previous large node's `large_nodeid`, and -1 before any large node has been seen -- theirs, kept, harmless because only `num_blocks > 1` reaches the scratch. DETAIL TWO: the `max(..., 1)` means a zero-row node still gets one block, which finds nothing and publishes the empty sentinel. Their `raft::update_device` of the result and their `std::pair` return become a `WorkloadPlan` struct, which is spelling. NOTE THE FILE IT SITS IN: this is `builder.cuh`'s function living in `builder_kernels_impl.mojo` for lane-ownership reasons; moving it to `builder.mojo` is a merge-time action.
extratrees/estimator.mojo	(none -- host-side policy)	-	no-upstream	WAS `original-class`. Checked, and the file makes the claim itself: `Nothing here is a port ... host-side policy neither cuML nor sklearn has a counterpart for` (`estimator.mojo:16-18`). No upstream FILE corresponds: cuML's callable surface is `DecisionTreeParams` plus an `n_trees` and a seed, sklearn's is a Python class, and this is the layer between them, in the same category as `cluster/estimator.mojo` and `neighbors/estimator.mojo`. RECORDED SO THE LABEL IS NOT READ AS `nothing here came from anywhere`: two sklearn RULES are implemented inside it. `resolve_max_features` (`:148-201`) is sklearn's `max_features` resolution from `sklearn/ensemble/_forest.py` and `sklearn/tree/_classes.py` -- `sqrt -> max(1, int(np.sqrt(n)))`, `log2 -> max(1, int(np.log2(n)))`, `None -> n`, float -> `max(1, int(f*n))` -- REIMPLEMENTED in integer arithmetic (an isqrt loop and a doubling loop) rather than transcribed, because `int()` truncates in every one of those arms and a float pipeline computing 2.9999997 for `int(np.sqrt(9))` would give 2; and `refuse_unported` (`:290`) cites `_forest.py:411-416` for the combination sklearn itself raises on. THE RULE THE FILE ENFORCES is that every sklearn parameter is honoured or REFUSED BY NAME -- `min_weight_fraction_leaf` (`:296`) and `monotonic_cst` (`:303`) are refusals, and both are now NOT_IMPLEMENTED.tsv rows. Closes DEVIATION 154's debt.
extratrees/derived/decisiontree/batched_levelalgo/kernels/builder_kernels_impl.mojo::node_feature_score_kernel	cpp/src/decisiontree/batched-levelalgo/kernels/builder_kernels_impl.cuh:236-291 (control plane) + sklearn/tree/_splitter.pyx:613-637 + sklearn/tree/_criterion.pyx:944-975	cuML+sklearn	reimplemented	WAS `device`. Steps 2, 3 and 4 of DEVIATION 137 -- skip, draw, accumulate -- and the same judgement as the range kernel above, for the same reason: the control plane at `:236-244` is transcribed and SHARED LINE FOR LINE with that kernel (same `WorkloadInfo` flattening, same `blockIdx.y == feature` grid, same `colids` lookup, same strided row loop, same field-at-a-time struct reads for DEVIATION 162), while the body is replaced: theirs bins each value with `lower_bound` and increments a shared histogram (`:288-291`), ours compares it against ONE threshold drawn from the key `(seed, tree_id, node_id, col)` and increments a private accumulator. The three steps cite sklearn line by line -- the constant test `max <= min + FEATURE_THRESHOLD` at `_splitter.pyx:613-621` with `1e-7` from `_partitioner.pxd:13`, the `Uniform(min, max)` draw at `:633`, and the (count, sum) accumulation for the MSE proxy at `_criterion.pyx:944-975`. Step 5 is cuML's `evalBestSplit`, UNCHANGED and kept. TWO THINGS THAT ARE OURS AND HAVE NO UPSTREAM AT ALL: the accumulation is integer atomics (DEVIATION 171) so the reduction is order-independent, and the tree id is read PER NODE (`tree_ids[nid]`) rather than as a launch scalar because DEVIATION 211's batch spans trees -- the key each cell draws with is unchanged either way, so batch composition cannot move a threshold. `draw_threshold_device` pins its rescale to an EXPLICIT `fma` because the GPU backend contracts it and the host compiler does not (DEVIATION 173). Deviations 170-175.
extratrees/derived/decisiontree/batched_levelalgo/kernels/partition_multiblock.mojo	cpp/src/decisiontree/batched-levelalgo/kernels/builder_kernels_impl.cuh:43-88,:109-134	cuML	reimplemented	NEW ROW, 2026-08-31 -- this file was in neither this map nor NOT_IMPLEMENTED.tsv, which is the state both files exist to prevent. It is the only `.mojo` under `derived/` that was missing. A DIFFERENT PARALLEL DECOMPOSITION OF THE SAME PARTITION, which is the definition's first clause. THEIRS: `launchNodeSplitKernel` is `nodeSplitKernel<<<work_items_size, TPB, smem_size, builder_stream>>>` (`:124-125`), ONE BLOCK PER NODE, and inside it `partitionSamples` (`:43-88`) walks two cursors down the node's range swapping misfits in pairs on top of a `cub::BlockScan` (`:48`). OURS: three passes over the same `WorkloadInfo` flattening the split search already uses, so the grid is blocks over ROWS -- `partition_count_kernel`, `partition_scan_kernel` (one block per node, scanning `ceil(count/TPB)` block counts instead of `count` rows) and `partition_scatter_kernel` plus a writeback. WHY, MEASURED: their grid has `n_nodes` blocks and the root level has one node, so on covtype at 581,012 rows the root partition is one threadgroup walking 581,012 rows; the serial term drops to 4,540 elements, 128x. The signature is visible from outside: at 145,253 rows a whole fit is faster with `max_features=54` (10.7 ms/level) than with `max_features=5` (14.4 ms/level) despite ten times the split-search work. 108 SMs hide it; ten Apple GPU cores do not. SAME ANSWER, ASSERTED NOT HOPED: the within-side ORDER differs from their pairwise swap, and nothing downstream reads it -- min/max and INTEGER class counts over the node's rows, and child ranges from `split.n_left` -- so the tree must come out BIT-IDENTICAL, which `original/partition_multiblock_check.mojo` asserts cell by cell against the one-block kernel. `split_not_valid` is called on the same four fields in the same place, so a node theirs skips this skips. `node_split_kernel` stays in the tree and stays checked. DEVIATION 203, amending DEVIATION 177.
