# upstream_file_or_symbol	status	upstream	notes
# Files and symbols this section deliberately does NOT port, and why.
# A file absent from both this list and DERIVATION_MAP.tsv has simply not been
# looked at, which is a different and worse state. Keep both complete.
#
# STATUS VOCABULARY, written down 2026-08-31. This column answers a DIFFERENT question from the one
# in DERIVATION_MAP.tsv: that one asks how a file we have was derived, this one asks why a thing
# upstream is not here. The two vocabularies are not interchangeable and neither belongs in the
# other file.
#   deliberate    refused on purpose, permanently or until the reason in the notes stops holding.
#                 Not a gap in effort. Where a caller could ask for it, it is REFUSED BY NAME at the
#                 API boundary rather than accepted and ignored.
#   not yet       intended, not written. A real debt.
#   IMPLEMENTED   the row is CLOSED: the thing now exists and DERIVATION_MAP.tsv carries it. The row
#                 is kept so the history is one line away rather than deleted out of the record.
#                 THIS STATUS WAS SPELLED `PORTED` UNTIL 2026-08-31 and was renamed with the rest of
#                 the tree: `ported` is retired everywhere here, because it could not distinguish a
#                 transliteration from a reimplementation and readers were using it for both. The
#                 rename is to the word that says what this column actually means -- the row is
#                 closed -- and it carries no claim about HOW the thing was derived. That claim now
#                 lives in DERIVATION_MAP.tsv, in one of `transliterated` / `reimplemented` /
#                 `partial` / `no-upstream`, defined at the top of that file.
# The `upstream` column is the project, matching DERIVATION_MAP.tsv's third column. Paths are
# relative to each upstream repository root; the pins are in DERIVATION_MAP.tsv's header.
cpp/src/decisiontree/batched-levelalgo/quantiles.cuh	deliberate	cuML	THE FILE THIS FORMULATION EXISTS TO DELETE. Geurts draws a real-valued threshold inside the node's own [min,max]; there is no global quantile set and no bin index anywhere in this directory. Porting it would make this the histogram algorithm, which is the OTHER product (ensemble/ Step 2).
cpp/src/decisiontree/batched-levelalgo/quantiles.h	deliberate	cuML	header for the above
sklearn/tree/_partitioner.pyx::SparsePartitioner	deliberate	sklearn	CSC input. cuML's builder is dense-only too; sparse is unsupported in LightGBM's CUDA learner as well (#6725). No sparse path is planned here.
sklearn/tree/_criterion.pyx::MAE	deliberate	sklearn	absolute-error criterion needs an order statistic per candidate, not an accumulator; it is a different kernel shape and is out of scope for the first port.
sklearn/tree/_splitter.pyx::node_split_best	deliberate	sklearn	the exhaustive splitter. That is RandomForest, which is the ensemble/ lane's port of cuML, not this one.
sklearn/tree/_criterion.pyx::sample_weight	deliberate	sklearn	Weighted samples. Every criterion in _criterion.pyx threads `sample_weight` and `weighted_n_*`; this port assumes the default `sample_weight=None`, which is what makes classification class counts INTEGERS and therefore what DEVIATION 144's exact-rational split comparison stands on. Wiring weights would put that path back on floats and 144 would have to be re-argued, not just extended.
sklearn/tree/_splitter.pyx::missing_go_to_left	deliberate	sklearn	NaN handling. Refused by name at the API boundary; see DEVIATION 136 and 150. The `n_missing == 0` conjunct of the constant test has no fixture coverage as a direct consequence, which is stated in 150 rather than hidden.
cpp/src/decisiontree/batched-levelalgo/objectives.cuh::Entropy	IMPLEMENTED	cuML	Entropy criterion (:110-193). Was "not yet" and refused by name until DEVIATION 459 (2026-08-23): now `objectives.mojo::EntropyObjectiveFunction`, a float-gain key published through the exact-pair reduction; sklearn's `criterion='entropy'` and its alias `'log_loss'` run on both arms. Row kept so the history is one line away; DERIVATION_MAP.tsv carries the mapping. (This row's status read `PORTED` until 2026-08-31; renamed `IMPLEMENTED` with the rest of the tree, same meaning -- see this file's header.)
cpp/src/decisiontree/batched-levelalgo/objectives.cuh::Poisson	not yet	cuML	Poisson criterion (:267-346), with kernels/poisson-{float,double}.cu. Refused by name.
cpp/src/decisiontree/batched-levelalgo/objectives.cuh::Gamma	not yet	cuML	Gamma criterion (:348-424). Refused by name.
cpp/src/decisiontree/batched-levelalgo/objectives.cuh::InverseGaussian	not yet	cuML	Inverse Gaussian criterion (:426-502). Refused by name.
cpp/src/decisiontree/batched-levelalgo/kernels/builder_kernels.cuh::adaptive_sample_kernel	deliberate	cuML	:318-347, Knuth selection sampling (Algorithm S). DEAD CODE in cuML at 00094f7 -- grep over cpp/ finds only its own definition, and builder.cuh:398-471 dispatches only between the other two samplers. Porting it would be porting a caller we do not have.
cpp/src/randomforest/randomforest.cuh::get_row_sample bootstrap arm	IMPLEMENTED	cuML	:64-67, the with-replacement row sampler behind a Philox generator. Was "deliberate" (refused by name) until DEVIATION 460 (2026-08-23): `randomforest.mojo::row_sample_for` (host, `core.philox.uniform_int_host`) and `builder.mojo::fill_row_slots` (device, `launch_uniform_int`), seeded by `pcg_rng.mojo::row_sample_seed` (:59-62 with the RF lane's DEVIATION 400); sklearn's `bootstrap=True` and `max_samples` honoured. Row kept for the history. (This row's status read `PORTED` until 2026-08-31; renamed `IMPLEMENTED` with the rest of the tree, same meaning -- see this file's header.)
cpp/src/randomforest/randomforest.cuh::RowSampler::store_bootstrap_mask	deliberate	cuML	:170-183, the per-tree in-bag mask behind `oob_score`. Not carried in `ensemble/` either; `oob_score=True` is refused by name at the estimator, naming this row, now that the bootstrap itself runs (DEVIATION 460).
cpp/include/cuml/tree/decisiontree.hpp::get_tree_summary_text/get_tree_text/get_tree_json	deliberate	cuML	The tree-dump surface, `:119`, `:129`, `:139`, defined in `decisiontree.cu`. ADDED AS A ROW 2026-08-31: it was refused in code and named in two places -- `flatnode.mojo:301-304` calls it the price of dropping `TreeMetaDataNode::train_time`, and DEVIATIONS.md:443 records the same -- but it was in neither this file nor DERIVATION_MAP.tsv, which is exactly the state this file's own header calls worse than a refusal. Two independent reasons it stays refused. (1) Their dumps print a train time we do not carry: `train_time` is written by `MLCommon::TimerCPU` at `builder.cuh:377`, declined as DEVIATION 303, and it is also the one member that could not survive a move to device memory since there is no float64 on device here. (2) Their whole value is a `to_string_high_precision` `max_digits10` round trip, and Mojo's `String(Float32)` does not round-trip (0.46% of float32 values come back one ULP wrong), so an emitted dump could not be diffed against theirs anyway -- the same finding `ensemble/` records as its DEVIATION 118(b). Restoring it is a one-line append whenever a builder needs it.
sklearn/tree/_splitter.pyx::monotonic_cst	deliberate	sklearn	Monotonicity constraints, `:679-689` inside `node_split_random`: `with_monotonic_cst and monotonic_cst[current_split.feature] != 0 and not criterion.check_monotonicity(...)` -> `continue`. ADDED AS A ROW 2026-08-31; it was refused in code and named in DEVIATION 154 but listed nowhere. Refused by name at `estimator.mojo:303-306`, so a caller passing it is told rather than handed an unconstrained forest. It is a FOURTH rejection test inside the candidate loop, evaluated per candidate against a running bound, so wiring it is not a wrapper -- it is a per-candidate predicate that has to reach the device score pass and the split reduction, and it needs the parent's lower/upper bounds threaded down the frontier, which nothing in this lane's `NodeWorkItem` carries.
sklearn/tree/_splitter.pyx::min_weight_leaf	deliberate	sklearn	The `min_weight_fraction_leaf` rejection, `:672-677`: `criterion.weighted_n_left < min_weight_leaf or criterion.weighted_n_right < min_weight_leaf` -> `continue`. ADDED AS A ROW 2026-08-31 for the same reason as the row above -- refused at `estimator.mojo:296-302`, named in DEVIATION 154, listed nowhere. It is the `sample_weight` row's consequence and not a separate decision: `weighted_n_left`/`weighted_n_right` are only distinct from the plain counts when `sample_weight` is threaded, and that row explains why threading it would put DEVIATION 144's exact-rational split comparison back on floats. With `sample_weight=None` the test reduces to a count test that `min_samples_leaf` already performs, so refusing it costs nothing today; it becomes real on the same day `sample_weight` does.
sklearn/tree/_tree.pyx::BestFirstTreeBuilder	not yet	sklearn	sklearn's `max_leaf_nodes`, `:374-508`. ADDED AS A ROW 2026-09-01: it was refused at `estimator.mojo` and named in no file, which is the state this file's header calls worse than a refusal. A REAL DEBT and not a permanent refusal -- the earlier wording, that sklearn and cuML "are different algorithms so accepting the name would be accepting a different model", argued only that we cannot map the name onto cuML's `max_leaves`. That is still true and it is not a reason to leave the capability out. WHAT IT IS. `max_leaf_nodes` selects a DIFFERENT BUILDER, not a different parameter: the frontier is a `vector[FrontierRecord]` kept as a heap, popped by highest `improvement` (`:454-455`, `_compare_records` `:359-363`), the budget spent one pop at a time (`:424`, `:503`), and a node is SEARCHED WHEN IT IS ADDED to the frontier (`_add_split_node`, defined `:562`, called at `:439`, `:509` and `:531`, with `_add_to_frontier` `:365-372`) because its gain is what orders it. WHAT IT COSTS HERE, stated so the next session does not re-derive it. (a) This builder pops a FIFO batch, searches the whole batch in one launch and pushes; best-first can expand at most ONE node per tree per launch, so the batch width collapses from `max_batch_size` to the number of in-flight trees. DEVIATION 211's cross-tree batching is what keeps that from being one launch per node, and it survives; the per-tree depth-many launches become leaves-many. (b) The search has to move from pop time to push time, so the level cycle is a second loop shape over the same kernels, not a new kernel. (c) The heap needs a DETERMINISTIC tie break, which sklearn does not have to supply and this library does: `(tree_id, node_id)` under an equal key, in the shape DEVIATION 194 already uses for `colid` then `quesval`. NOT AVAILABLE FROM THE LOSSGUIDE LANE, checked rather than assumed: `gbdt/methods/greedy_subsets_searcher/greedy_search_helper_lossguide.mojo` is a CatBoost port that argmins over `TPointsSubsets` leaf scores on a histogram tree, a representation this histogram-free directory does not have; it is a different learner's frontier, not a component. cuML's OWN leaf budget, `max_leaves`, is a separate and much weaker guarantee and IS honoured under its own name since 2026-09-01 (`ExtraTreesConfig.max_leaves` -> `builder.cuh:89`, `:106`); it is not this row.
